name,structure,armor,energy_res,cruise_speed,warp_speed,metal,crystal,deuterium,command_value,service_limit,ship_dps,air_dps,siege_dps,length,storage,linked_terms,summary,idx_star,idx_ship_type,idx_faction,idx_weapon_type,idx_attack_attr,idx_position,idx_acquisition
天枪-战术护航艇,,,,,,4460,220,190,,10,1694,,1304,,,巅峰之路、分类:舰船、分类:已实装,"__NOTOC__ == == |英文名称= |稀有度=3 |所属=盘古拓展集团 |介绍=盘古重工研发的特种护航艇，应用了顶尖的材料工艺，拥有更加特殊的弹药系统，但携带数量有限，因此每隔一段时间需要返回母舰补充弹药。 |攻击属性=能量 |武器类型=等离子武器 |武器定位=无 |舰船站位=其他 |TAG=动力系统损坏加深,大型目标弱点寻击,攻击系统,往复打击 |限定=是 |实装日期=2026年7月8日 }} == 基础面板 == |抵抗扩展1=/ |护盾扩展1=/ |对舰扩展2= |对空扩展2=/ |攻城扩展2= |结构扩展2= |抵抗扩展2=/ |护盾扩展2=/ }} == 巅峰属性 == |",3星,护航艇,其他,等离子武器,能量,其他,无
天枪-重型鱼雷艇,,,,,,4340,210,190,,10,1645,,131,,,分类:舰船、分类:已实装,__NOTOC__ == == == 基础面板 == |理论结构极值= |满抵抗= |满护盾= |满巡航= |满金属= |满晶体= |满重氢= |满时间= |满对舰备注= |理论对舰备注= |满对空备注= |理论对空备注= |满攻城备注= |理论攻城备注= |满结构备注= |理论结构备注= |满抵抗备注= |满护盾备注= |满巡航备注= |满时间备注= |满仓储备注= |对舰扩展1=/ |对空扩展1=/ |攻城扩展1=/ |结构扩展1=？ |抵抗扩展1=/ |护盾扩展1=/ |对舰扩展2= |对空扩展2=/ |攻城扩展2= |结构扩展2= |抵抗扩展2=/ |护盾扩展2=/ }} == 巅峰属,3星,护航艇,其他,鱼雷,能量,其他,无
星空巡游者-游骑兵级民用观光船,,,,,,40560,5270,3950,18,1,,,,,21000,巅峰之路、 比邻星币、 比邻星币、星空巡游者资料档案、分类:舰船、分类:已实装,"__NOTOC__ == == |英文名称= |稀有度=6 |所属=安东尼奥斯财团 |前身= |介绍= 这一子型号是安东尼奥斯财团在第二家园星系风靡一时的恐龙主题观光游轮基础上改进而来，具有完整的生态循环系统和恐龙展览空间。 |攻击属性=无 |武器类型=无 |武器定位=无 |舰船站位=中排 |TAG=星系巡游,任务发放 |旗舰=舰队集火 |限定=民用 |实装日期=2026年5月13日 }} ==基础面板== ==巅峰属性== |10结构值= |10巅峰值=换行 --> |10奖励= |15结构值= |15巅峰值=换行 --> |15奖励= |20结构值= |20巅峰值=换行 --> |20奖励",6星,巡洋舰,安东尼奥斯财团,无,无,中排,无
白垩级-战术无人机巡洋舰,,,,,,41590,5640,4710,20,8,3600,2250,320,,25000,巅峰之路、分类:舰船、分类:已实装,"__NOTOC__ == == 级-战术无人机巡洋舰 |称号= |英文名称= |稀有度=3 |所属=海雷丁家族 |前身= |介绍=舰身中部配置了多组无人机机库，搭载了海雷丁家族设计的战术无人机，能够对敌方目标实施大范围负面干扰，同时配备防空火炮和通用火炮作为防御武器。 |攻击属性=实弹 |武器类型=火炮 |武器定位=直射 |舰船站位=中排 |TAG=防空援护,协同防空散射,电子干扰G,超载运行G,防空协助,电子掩护作战,反击防空 |旗舰=舰队集火,防空网络G |限定=是 |实装日期=2026年4月22日 }} ==基础面板== |理论结构极值= |满抵抗= |满护盾= |满巡航= |满曲率= ",3星,巡洋舰,海雷丁家族,火炮,实弹,中排,限定
天璇-轻型攻击机,,,,,,6080,520,220,,10,2400,,144,,,巅峰之路、分类:舰船、分类:已实装,__NOTOC__ == == ==基础面板== |理论结构极值= |满突防= |满去程时间= |满回程时间= |满金属= |满晶体= |满重氢= |满时间= |满对舰备注= |理论对舰备注= |满对空备注= |理论对空备注= |满攻城备注= |理论攻城备注= |满结构备注= |理论结构备注= |满突防备注= |满时间备注= |对舰扩展1=/ |攻城扩展1=/ |结构扩展1= |对舰扩展2= |攻城扩展2= |结构扩展2= }} ==巅峰属性== |10结构值= |10巅峰值=换行 --> |10奖励= |15结构值= |15巅峰值=换行 --> |15奖励= |20结构值= |20巅峰值=换,2星,战机,其他,火炮,实弹,其他,无
瑶光级-通用护卫舰,,,,,,10530,590,210,6,10,1150,,132,,1500,巅峰之路、分类:舰船、分类:已实装,__NOTOC__ == == ==基础面板== |理论结构极值= |满抵抗= |满护盾= |满巡航= |满曲率= |满金属= |满晶体= |满重氢= |满时间= |满仓储= |满对舰备注= |理论对舰备注= |满对空备注= |理论对空备注= |满攻城备注= |理论攻城备注= |满结构备注= |理论结构备注= |满抵抗备注= |满护盾备注= |满巡航备注= |满曲率备注= |满时间备注= |满仓储备注= |对舰扩展1= |对空扩展1= |攻城扩展1= |结构扩展1= |抵抗扩展1=/ |护盾扩展1=/ |对舰扩展2= |对空扩展2= |攻城扩展2= |结构扩展2= |抵抗扩展2=/ |护盾扩展,3星,护卫舰,盘古拓展集团,轨道炮,实弹,后排,限定
玉衡级-维修巡洋舰,,,,,,53160,6340,2210,20,8,5400,1100,460,,25000,link=、盘古技术档案、扩展I型盘古技术档案、扩展II型盘古技术档案、分类:舰船、分类:已实装,|多义词=玉衡级-维修巡洋舰、玉衡级-防御巡洋舰、玉衡级-支援巡洋舰}} __NOTOC__ __NOEDITSECTION__ |理论结构极值= |满抵抗= |满护盾= |满巡航= |满曲率= |满金属= |满晶体= |满重氢= |满时间= |满仓储= |满对舰备注= |理论对舰备注= |满对空备注= |理论对空备注= |满攻城备注= |理论攻城备注= |满结构备注= |理论结构备注= |满抵抗备注= |满护盾备注= |满巡航备注= |满曲率备注= |满时间备注= |满仓储备注= |对舰扩展1=/ |对空扩展1=/ |攻城扩展1=/ |结构扩展1= |抵抗扩展1=/ |护盾扩展1=/ |对舰,3星,巡洋舰,盘古拓展集团,导弹,实弹,前排,限定
开阳级-机动驱逐舰,,,,,,28980,2360,1020,12,10,4400,,270,,11000,巅峰之路、分类:舰船、分类:已实装,"__NOTOC__ == == |英文名称= |稀有度=3 |所属=盘古拓展集团 |前身= |介绍=盘古重工在星际防御形势日益紧迫的背景下，推出了自己研发的首款驱逐舰，以北斗七星中的开阳星命名，搭载了“辰光”纳米装甲系统，可以更好的应对多变的星际战场。 |攻击属性=实弹 |武器类型=鱼雷 |武器定位=投射 |舰船站位=前排 |TAG=自适应控制,暴击,溶解弹 |旗舰=舰队集火 |限定=是 |实装日期=2026年2月11日 }} ==基础面板== |理论结构极值= |满抵抗= |满护盾= |满巡航= |满曲率= |满金属= |满晶体= |满重氢= |满时间= |满仓储= |满对舰备注= |理论对",3星,驱逐舰,盘古拓展集团,鱼雷,实弹,前排,限定
天玑-重型护航艇,,,,,,4220,200,180,,10,1760,460,280,,,巅峰之路、分类:舰船、分类:已实装,"__NOTOC__ == == |英文名称= |稀有度=3 |所属=盘古拓展集团 |前身= |介绍=盘古重工研发的护航艇，搭载鱼雷攻击系统，应用了盘古重工顶尖的材料工艺，拥有更加特殊的弹药系统，使其能更加适应复杂的太空环境。 |攻击属性=能量 |武器类型=鱼雷 |武器定位=无 |舰船站位=其他 |TAG=应急反击,强化干扰,攻击系统,反击防空 |限定=是 |实装日期=2026年2月11日 }} ==基础面板== |理论结构极值= |满抵抗= |满巡航= |满金属= |满晶体= |满重氢= |满时间= |满对舰备注= |理论对舰备注= |满对空备注= |理论对空备注= |满攻城备注= |理论攻城",3星,护航艇,其他,鱼雷,能量,其他,无
天玑-攻击护航艇,,,,,,4220,200,180,,10,2240,460,560,,,巅峰之路、分类:舰船、分类:已实装,"__NOTOC__ == == |英文名称= |稀有度=3 |所属=盘古拓展集团 |介绍=盘古重工研发的护航艇，搭载鱼雷攻击系统，应用了盘古重工顶尖的材料工艺，拥有更加特殊的弹药系统，使其能更加适应复杂的太空环境。 |攻击属性=能量 |武器类型=鱼雷 |武器定位=无 |舰船站位=其他 |TAG=应急反击,强化干扰,攻击系统,反击防空,独立作战 |限定=是 |实装日期=2026年2月11日 }} ==基础面板== |理论结构极值= |满抵抗= |满巡航= |满金属= |满晶体= |满重氢= |满时间= |满对舰备注= |理论对舰备注= |满对空备注= |理论对空备注= |满攻城备注= |理论攻城",3星,护航艇,其他,鱼雷,能量,其他,无
天枢级-支援航空母舰,,,,,,265600,32880,43000,40,5,6700,3840,576,,150000,link=、盘古技术档案、扩展I型盘古技术档案、扩展II型盘古技术档案、link=、link=、link=、分类:舰船、分类:已实装,__NOTOC__ __NOEDITSECTION__ |抵抗扩展1=/ |护盾扩展1=/ |对舰扩展2= |对空扩展2= |攻城扩展2= |结构扩展2= |抵抗扩展2=/ |护盾扩展2=/ }} ==立绘== ==展示== ==更新日志== ==系统== 武器系统 装甲系统 动力系统 能源系统 指挥系统 M 系统 A 系统 B 系统【安装需1015px|link=】 C 系统【安装需1015px|link=】 D 系统【安装需1015px|link=】 联合作战平台IM1 联合作战平台IIM2 M1 占位（未加载） M2 占位（未加载） “北斗I型”维修无人机系统A1 “北斗II型”维修无人,4星,航空母舰,盘古拓展集团,飞行器,能量,中排,限定
天权级-重型防御战列巡洋舰,,,,,,179300,34930,23010,35,6,15200,1920,1120,,115000,link=、盘古技术档案、扩展I型盘古技术档案、扩展II型盘古技术档案、link=、link=、分类:舰船、分类:已实装,__NOTOC__ __NOEDITSECTION__ |理论结构极值= |满抵抗= |满护盾= |满巡航= |满曲率= |满金属= |满晶体= |满重氢= |满时间= |满仓储= |满对舰备注= |理论对舰备注= |满对空备注= |理论对空备注= |满攻城备注= |理论攻城备注= |满结构备注= |理论结构备注= |满抵抗备注= |满护盾备注= |满巡航备注= |满曲率备注= |满时间备注= |满仓储备注= |对舰扩展1= |对空扩展1= |攻城扩展1= |结构扩展1= |抵抗扩展1=/ |护盾扩展1=/ |对舰扩展2= |对空扩展2= |攻城扩展2= |结构扩展2= |抵抗扩展2=/ |护,4星,战列巡洋舰,盘古拓展集团,导弹,实弹,前排,限定
索姆河之影-装甲飞行坦克,,,,,,4920,240,210,<!-- 战机/护航艇请删除此行 -->,9,3240,,198,,,巅峰之路、分类:舰船、分类:已实装,"__NOTOC__ == == |英文名称=Shadow of the Somme - Armored Flying Tank |稀有度=2 |所属=诺玛运输集团 |前身= |介绍=诺玛公司采用复古风格设计的护航艇，装配有特别加固的正面装甲及低速高伤的重型主炮，同时具备步调高度协同的集群作战能力。 |攻击属性=实弹 |武器类型=火炮 |武器定位=无 |舰船站位=其他 |TAG=脱壳穿甲弹,集群作战 |限定=否 |实装日期=2026年1月14日 }} ==基础面板== |理论结构极值= |满抵抗= |满巡航= |满金属= |满晶体= |满重氢= |满时间= |满对舰备注= |理论对舰备注= |满",2星,护航艇,其他,火炮,实弹,其他,无
装甲要塞,,,,,,,,,10,15,,,,,,分类:舰船、分类:已实装,__NOTOC__ __NOEDITSECTION__ |理论结构极值= |满巡航= |满曲率= |满金属= |满晶体= |满重氢= |满时间= |满仓储= |满对舰备注= |理论对舰备注= |满对空备注= |理论对空备注= |满攻城备注= |理论攻城备注= |满结构备注= |理论结构备注= |满巡航备注= |满曲率备注= |满时间备注= |满仓储备注= |对舰扩展1=/ |对空扩展1=/ |攻城扩展1=/ |结构扩展1=/ |对舰扩展2=/ |对空扩展2=/ |攻城扩展2=/ |结构扩展2=/ }} ==立绘== ==展示== ==更新日志== ==系统== 武器系统 装甲系统 动力系统 能,5星,驱逐舰,诺玛运输集团,导弹,实弹,中排,无
防御要塞,,,,,,,,,10,15,,,,,,分类:舰船、分类:已实装,__NOTOC__ __NOEDITSECTION__ |理论结构极值= |满巡航= |满曲率= |满金属= |满晶体= |满重氢= |满时间= |满仓储= |满对舰备注= |理论对舰备注= |满对空备注= |理论对空备注= |满攻城备注= |理论攻城备注= |满结构备注= |理论结构备注= |满巡航备注= |满曲率备注= |满时间备注= |满仓储备注= |对舰扩展1=/ |对空扩展1=/ |攻城扩展1=/ |结构扩展1=/ |对舰扩展2=/ |对空扩展2=/ |攻城扩展2=/ |结构扩展2=/ }} ==立绘== ==展示== ==更新日志== ==系统== 武器系统 装甲系统 动力系统 能,5星,驱逐舰,诺玛运输集团,鱼雷,实弹,中排,无
棕熊级-防空巡洋舰,,,,,,61610,8030,2850,18,8,8828,8408,,,25000,舰船首发技术档案、link=、双子节技术档案、加密技术档案2.0-诺玛运输、link=、综合蓝图档案2.0、舰船及载机蓝图档案2.0、加密技术档案2.0（快速）、加密技术档案2.0（双子节）、加密技术档案（私掠者战利品）、企业甄选技术档案II、link=、“战术火力”限时研究协议、分类:舰船、分类:已实装,|多义词=棕熊级-综合巡洋舰、棕熊级-防空巡洋舰、棕熊级-重型巡洋舰}} __NOTOC__ __NOEDITSECTION__ |理论结构极值= |满抵抗= |满护盾= |满巡航= |满曲率= |满金属= |满晶体= |满重氢= |满时间= |满仓储= |满对舰备注= |理论对舰备注= |满对空备注= |理论对空备注= |满结构备注= |理论结构备注= |满抵抗备注= |满护盾备注= |满巡航备注= |满曲率备注= |满成本备注= |满时间备注= |满仓储备注= |对舰扩展1=/ |对空扩展1=/ |结构扩展1= |抵抗扩展1=/ |护盾扩展1=/ |对舰扩展2= |对空扩展2= |结构扩展,3星,巡洋舰,诺玛运输集团,导弹,实弹,中排,限定
棕熊级-重型巡洋舰,,,,,,60660,7750,2730,18,8,8566,4912,,,25000,舰船首发技术档案、link=、双子节技术档案、加密技术档案2.0-诺玛运输、link=、综合蓝图档案2.0、舰船及载机蓝图档案2.0、加密技术档案2.0（快速）、加密技术档案2.0（双子节）、加密技术档案（私掠者战利品）、企业甄选技术档案II、link=、“战术火力”限时研究协议、分类:舰船、分类:已实装,|多义词=棕熊级-综合巡洋舰、棕熊级-防空巡洋舰、棕熊级-重型巡洋舰}} __NOTOC__ __NOEDITSECTION__ |理论结构极值= |满抵抗= |满护盾= |满巡航= |满曲率= |满金属= |满晶体= |满重氢= |满时间= |满仓储= |满对舰备注= |理论对舰备注= |满对空备注= |理论对空备注= |满结构备注= |理论结构备注= |满抵抗备注= |满护盾备注= |满巡航备注= |满曲率备注= |满时间备注= |满仓储备注= |对舰扩展1=/ |对空扩展1=/ |结构扩展1= |抵抗扩展1=/ |护盾扩展1=/ |对舰扩展2= |对空扩展2= |结构扩展2= |抵抗扩展,3星,巡洋舰,诺玛运输集团,导弹,实弹,中排,限定
棕熊级-综合巡洋舰,,,,,,60980,7670,2480,18,8,18412,3428,1043,,25000,舰船首发技术档案、link=、双子节技术档案、加密技术档案2.0-诺玛运输、link=、综合蓝图档案2.0、舰船及载机蓝图档案2.0、加密技术档案2.0（快速）、加密技术档案2.0（双子节）、加密技术档案（私掠者战利品）、企业甄选技术档案II、link=、“战术火力”限时研究协议、分类:舰船、分类:已实装,|多义词=棕熊级-综合巡洋舰、棕熊级-防空巡洋舰、棕熊级-重型巡洋舰}} __NOTOC__ __NOEDITSECTION__ |理论结构极值= |满抵抗=110 |满护盾=60.0 |满巡航= |满曲率= |满金属= |满晶体= |满重氢= |满时间= |满仓储= |满对舰备注= |理论对舰备注= |满对空备注= |理论对空备注= |满攻城备注= |理论攻城备注= |满结构备注= |理论结构备注= |满抵抗备注= |满护盾备注= |满巡航备注= |满曲率备注= |满成本备注= |满时间备注= |满仓储备注= |对舰扩展1= |对空扩展1= |攻城扩展1= |结构扩展1= |抵抗扩展1=/ ,3星,巡洋舰,诺玛运输集团,离子炮,能量,前排,限定
灼热级-战术突击舰,,,,,,,,,6,10,3800,2025,700,,11000, 金属、 晶体、 重氢、分类:舰船、分类:已实装,|多义词=灼热级-重炮突击舰、灼热级-战术突击舰}} |另一含义=“灼热级”关键词的其他条目|消歧义页=灼热级}} __NOTOC__ __NOEDITSECTION__ ==更新日志== ==系统== ==相关图片== 灼热级SP海报.png|官方海报 分类:舰船分类:已实装,5星,驱逐舰,雷火科技公司,火炮,实弹,前排,限定
野火-战术鱼雷护航艇,,,,,,4140,210,180,,10,2040,,108,,,防御型、防空型、旧帝国的舰船数据资料、野火级-雷火改装凭证、分类:舰船、分类:已实装,__NOTOC__ __NOEDITSECTION__ |理论结构极值= |满抵抗= |满巡航= |满金属= |满晶体= |满重氢= |满时间= |满对舰备注= |理论对舰备注= |满攻城备注= |理论攻城备注= |满结构备注= |理论结构备注= |满抵抗备注= |满巡航备注= |满成本备注= |满时间备注= |对舰扩展1=/ |攻城扩展1=/ |结构扩展1=/ |抵抗扩展1=/ |对舰扩展2= |攻城扩展2= |结构扩展2= |抵抗扩展2=/ }} ==立绘== ==展示== ==更新日志== *移除舰载机指挥值 '''鱼雷发射系统'''弹道类型： *移除舰载机武器攻击弹道类型 }} ==系,5星,护航艇,其他,鱼雷,实弹,其他,无
野火-格斗护航艇,,,,,,4550,230,210,,10,900,576,,,,防御型、防空型、旧帝国的舰船数据资料、野火级-雷火改装凭证、分类:舰船、分类:已实装,__NOTOC__ __NOEDITSECTION__ |理论结构极值= |满抵抗备注= |满巡航备注= |满成本备注= |满时间备注= |对舰扩展1=/ |对空扩展1= |结构扩展1= |抵抗扩展1=/ |对舰扩展2= |对空扩展2= |结构扩展2= |抵抗扩展2=/ }} ==立绘== ==展示== ==更新日志== *直射武器和投射武器的描述变更，不再以武器类型进行划分界定，舰载机攻击弹道类型统一为投射武器，实际效果与原来一致 |日期2=2025-11-05 |版本2=主武器弹道类型及蓝图指挥值变更 |内容2= '''指挥值'''： *移除舰载机指挥值 '''快速火炮系统'''弹道类型：,5星,护航艇,其他,火炮,实弹,其他,无
灼热级-重炮突击舰,,,,,,,,,6,10,4656,540,816,,11000, 金属、 晶体、 重氢、分类:舰船、分类:已实装,|多义词=灼热级-重炮突击舰、灼热级-战术突击舰}} |另一含义=“灼热级”关键词的其他条目|消歧义页=灼热级}} __NOTOC__ __NOEDITSECTION__ ==更新日志== ==系统== ==相关图片== 灼热级SP海报.png|官方海报 分类:舰船分类:已实装,5星,驱逐舰,雷火科技公司,火炮,实弹,前排,限定
塔拉萨萤石级-电子驱逐舰,,,,,,,,,7,10,1440,216,,,11000, 金属、 晶体、 重氢、分类:舰船、分类:已实装,|多义词=塔拉萨萤石级-信息驱逐舰、塔拉萨萤石级-电子驱逐舰 }} __NOTOC__ __NOEDITSECTION__ ==系统== ==评测概述== ==相关图片== 塔拉萨萤石级官方海报.png|官方海报 分类:舰船分类:已实装 }},3星,驱逐舰,海雷丁家族,脉冲炮,能量,后排,限定
塔拉萨萤石级-信息驱逐舰,,,,,,19440,1790,990,7,10,1440,216,,,11000,加密技术档案2.0-未央综合、link=、综合蓝图档案2.0、舰船及载机蓝图档案2.0、加密技术档案2.0（快速）、加密技术档案2.0（积分商城）、损坏的加密技术档案2.0、加密技术档案（私掠者战利品）、企业甄选技术档案II、link=、“战略补充”限时研究协议、分类:舰船、分类:已实装,|多义词=塔拉萨萤石级-信息驱逐舰、塔拉萨萤石级-电子驱逐舰}} __NOTOC__ __NOEDITSECTION__ |理论结构极值= |满抵抗= |满护盾= |满巡航= |满曲率= |满金属= |满晶体= |满重氢= |满时间= |满仓储= |满对舰备注= |理论对舰备注= |满对空备注= |理论对空备注= |满结构备注= |理论结构备注= |满抵抗备注= |满护盾备注= |满巡航备注= |满曲率备注= |满时间备注= |满仓储备注= |对舰扩展1= |对空扩展1= |结构扩展1= |抵抗扩展1=/ |护盾扩展1=/ |对舰扩展2= |对空扩展2= |结构扩展2= |抵抗扩展2=/ |护,3星,驱逐舰,海雷丁家族,脉冲炮,能量,后排,限定
雷火V022-轻型战斗机,5000,,,,,,,,,8,1200,1728,196,,, 金属、 晶体、 重氢、 金属、 晶体、 重氢、加密技术档案-未央综合、加密技术档案2.0-未央综合、精选档案-未央综合I型、加密技术档案（快速）、加密技术档案2.0（快速）、企业甄选技术档案、舰船及载机蓝图档案、舰船及载机蓝图档案2.0、综合蓝图档案,|多义词=雷火V022-轻型战斗机、雷火V022-特种战斗机、雷火V022-两栖战斗机}} __NOTOC__ 待补充 |颜色=绿 |边框=0px |折叠=是 }} --> |理论结构极值= |满突防=2400 |满成本=830420px|link=| 金属&nbsp;94220px|link=| 晶体&nbsp;32920px|link=| 重氢 |满时间=00:27:14 |满对舰备注=1伤害2冷却2命中 |理论对舰备注= |满对空备注=1伤害2冷却2命中 |理论对空备注= |满攻城备注=1伤害2冷却2命中 |理论攻城备注= |满结构备注=1受击序列2结构 |理论结构备注= |满突防备注=,2星,战机,其他,导弹,实弹,其他,无
雷火V022-特种战斗机,,,,,,,,,,8,640,920,104,,, 金属、 晶体、 重氢、加密技术档案-未央综合、加密技术档案2.0-未央综合、精选档案-未央综合I型、加密技术档案（快速）、加密技术档案2.0（快速）、企业甄选技术档案、舰船及载机蓝图档案、舰船及载机蓝图档案2.0、综合蓝图档案、分类:舰船、分类:已实装,|多义词=雷火V022-轻型战斗机、雷火V022-特种战斗机、雷火V022-两栖战斗机}} __NOTOC__ 待补充 |颜色=绿 |边框=0px |折叠=是 }} --> |理论结构极值= |满突防= |满成本= |满时间= |满对舰备注= |理论对舰备注= |满对空备注= |理论对空备注= |满攻城备注= |理论攻城备注= |满结构备注= |理论结构备注= |满突防备注= |满成本备注= |满时间备注= |对舰扩展1= （+？） |对空扩展1= （+？） |攻城扩展1= （+？） |结构扩展1=/ |对舰扩展2= （+？） |对空扩展2= （+？） |攻城扩展2= （+？） |结构扩展2=,2星,战机,其他,导弹,实弹,其他,无
XA-8级-TE-两栖登陆舰,,,,,,6000,350,50,4,10,150,54,18,,4000,分类:舰船、分类:已下线,__NOTOC__ __NOEDITSECTION__ == == ==基础面板== |对舰扩展2= |对空扩展2= |攻城扩展2= |结构扩展2= }} ==性能== ==立绘== ==展示== ==拓展== ==故事== ==更新日志== ==系统== 武器系统 装甲系统 动力系统 能源系统 后排指挥系统 工程无人机系统 防卫系统 控制作业系统 M 系统占位（未加载） A 系统占位（未加载） B 系统占位（未加载） 装甲系统占位（未加载） 动力系统 备用动力系统 动力系统占位（未加载） 备用动力系统占位（未加载） 能源系统占位（未加载） 后排指挥系统占位（未加载） 分类:舰船分类:已下线,6星,护卫舰,神圣群星帝国,火炮,实弹,后排,无
安东塔斯持剑者级-指挥舰,,,,,,184570,38480,24500,35,3,23680,1464,1620,,11500,巅峰之路、link=、link=、link=、分类:舰船、分类:已实装,"__NOTOC__ == == |英文名称=Antontas Swordbearer - Command Ship |稀有度=4 |所属=安东尼奥斯财团 |前身= |介绍=配备无人机指挥系统，可指挥本舰队部分舰船协助攻击。装载轨道炮，可根据需要换装鱼雷和离子炮。可装载护航艇坞仓，额外装甲模块，导弹模块，进一步提升舰船的实战性能。 |攻击属性=能量 |武器类型=脉冲炮 |武器定位=直射 |舰船站位=中排 |TAG=协同指挥A,防空打击,防空支援 |旗舰=舰队集火 |限定=是 |实装日期=2025年7月2日 }} == 基础面板 == |理论结构极值= |满抵抗= |满护盾= |满巡航= |满曲率",4星,战列巡洋舰,安东尼奥斯财团,脉冲炮,能量,中排,限定
亚达伯拉级-重型防空驱逐舰,,,,,,,,,8,10,6000,13095,2880,,7000, 金属、 晶体、 重氢、分类:舰船、分类:已实装,|多义词=亚达伯拉级-重型火炮驱逐舰、亚达伯拉级-重型攻坚驱逐舰、亚达伯拉级-重型防空驱逐舰}} __NOTOC__ __NOEDITSECTION__ ==更新日志== ==系统== ==评测概述== ==相关图片== 牛蛙官方海报.png|官方海报 --> 分类:舰船分类:已实装 body{background:url('') no-repeat fixed 50% 0;background-size: cover;},5星,驱逐舰,诺玛运输集团,火炮,实弹,前排,合成
RB7-13型-突防护航艇,,,,,,4170,260,70,,10,4094,423,211,,,损坏的RB7级护航艇资料档案、分类:舰船、分类:已实装,|多义词=RB7-13型-导弹艇、RB7-13型-突防护航艇}} __NOTOC__ __NOEDITSECTION__ |理论结构极值= |满抵抗= |满护盾= |满巡航= |满金属= |满晶体= |满重氢= |满时间= |对舰扩展1=/ |对空扩展1=/ |攻城扩展1=/ |结构扩展1= |抵抗扩展1=/ |对舰扩展2= |对空扩展2= |攻城扩展2= |结构扩展2= |抵抗扩展2=/ }} ==立绘== ==展示== ==更新日志== *移除舰载机指挥值 '''突防导弹系统'''弹道类型： *移除舰载机武器攻击弹道类型 }} ==系统== 突防导弹系统 装甲系统 动力系统 独立式指挥系统,5星,护航艇,其他,导弹,实弹,其他,无
鳐-特种护航艇,,,,,,3710,290,60,,10,1800,,630,,,巅峰之路、损坏的鳐护航艇资料档案、分类:舰船、分类:已实装,|多义词=鳐-装甲护航艇、鳐-特种护航艇}} __NOTOC__ __NOEDITSECTION__ |攻城扩展1= |结构扩展1= |抵抗扩展1=/ |对舰扩展2= |攻城扩展2= |结构扩展2= |抵抗扩展2=/ }} |5奖励1= |5奖励2= |10奖励1= |10奖励2= |15奖励1= |15奖励2= |20奖励1= |20奖励2=巅峰之路 |突破1=舰船结构值+75 |未破5= |突破5= |未破10= |突破10= |未破15= |突破15= |未破20= |突破20= }} ==立绘== ==展示== ==更新日志== *直射武器和投射武器的描述变更，不再以武器类型进行划分界,5星,护航艇,其他,火炮,实弹,其他,无
刺水母级-无人机登陆舰,,,,,,6414,529,222,6,10,240,162,28,,1200,特种型、防空型、登陆型、损坏的刺水母级护卫舰资料档案、分类:舰船、分类:已实装,__NOTOC__ __NOEDITSECTION__ |理论结构极值= |满抵抗= |满护盾= |满巡航= |满曲率= |满金属= |满晶体= |满重氢= |满时间= |满仓储= |满对舰备注= |理论对舰备注= |满对空备注= |理论对空备注= |满攻城备注= |理论攻城备注= |满结构备注= |理论结构备注= |满抵抗备注= |满护盾备注= |满巡航备注= |满曲率备注= |满时间备注= |满仓储备注= |对舰扩展1=/ |对空扩展1=/ |攻城扩展1=/ |结构扩展1= |抵抗扩展1=/ |护盾扩展1=/ |对舰扩展2= |对空扩展2= |攻城扩展2= |结构扩展2= |抵抗扩展2=/,5星,护卫舰,诺玛运输集团,火炮,实弹,后排,合成
AC720-艾格勒姆未名者,,,,,,26460,1690,1050,12,1,6960,1620,360,,16000,巅峰之路、 比邻星币、 比邻星币、艾格勒姆未名者资料档案、分类:舰船、分类:已实装,"__NOTOC__ == == |英文名称=AC720 - Angulum Nameless |稀有度=6 |所属=未央公约组织 |前身=盘古拓展集团 |介绍=安装无人机吊舱，为友军提供维修效果；同时装配特殊的舰首像系统，在战场中，可以为友方生存提供一定的保障 |攻击属性=实弹 |武器类型=火炮 |武器定位=直射 |舰船站位=中排 |TAG=“新希望”大救援,防空协助,机动规避,反击防空 |旗舰=舰队集火 |限定=未知 |实装日期=2025年4月30日 }} ==基础面板== |抵抗扩展1=/ |对舰扩展2= （+360） |对空扩展2= （+43） |攻城扩展2= （+18） |结构扩展2=",6星,驱逐舰,未央公约组织,火炮,实弹,中排,合成
锆石级-突击护卫舰,,,,,,,,,8,10,2828,2022,207,,1200, 金属、 晶体、 重氢、分类:舰船、分类:已实装,"|多义词=锆石级-突击护卫舰、锆石级-特种护卫舰}} __NOTOC__ __NOEDITSECTION__ ==系统== ==评测概述== 分类:舰船分类:已实装 body{background:url('') no-repeat fixed 50% 0;background-size: cover;} .mw-body-content h1 { font-family: Reeji-CloudSongDa-GB-Regular; font-size: 24px; color: rgba(0, 0, 0, 0.85); line-height: 32px; } .mw-body-conten",2星,护卫舰,海雷丁家族,飞行器,能量,中排,常驻
锆石级-特种护卫舰,,,,,,,,,8,10,5832,,340,,1200, 金属、 晶体、 重氢、分类:舰船、分类:已实装,"|多义词=锆石级-突击护卫舰、锆石级-特种护卫舰}} __NOTOC__ __NOEDITSECTION__ ==系统== ==评测概述== 分类:舰船分类:已实装 body{background:url('') no-repeat fixed 50% 0;background-size: cover;} .mw-body-content h1 { font-family: Reeji-CloudSongDa-GB-Regular; font-size: 24px; color: rgba(0, 0, 0, 0.85); line-height: 32px; } .mw-body-conten",2星,护卫舰,海雷丁家族,飞行器,能量,中排,常驻
普鲁图斯之盾级-防护战列巡洋舰,,,,,,200450,41650,24520,35,6,19908,384,1851,,115000,巅峰之路、link=、link=、分类:舰船、分类:已实装,"__NOTOC__ == == |英文名称=Shield of Plutus - Defense Battlecruiser |稀有度=4 |所属=诺玛运输集团 |前身= |介绍=配备重型导弹和防空火炮一体的实弹攻坚战列巡洋舰，其可为一定数量的己方舰船抵挡部分伤害，并且具备一定的防空能力。可以通过改装补充反击模块，对打击自身的目标进行快速反击。 |攻击属性=实弹 |武器类型=导弹 |武器定位=投射 |舰船站位=中排 |TAG=快速输出,逆境卫士,反击防空 |旗舰=庇护作战、舰队集火 |限定=是 |实装日期=2025年1月17日 }} ==基础面板== |理论结构极值= |满抵抗= |满护盾= ",4星,战列巡洋舰,诺玛运输集团,导弹,实弹,中排,限定
XT-6级-火炮护卫舰,,,,,,5590,380,70,3,10,1157,1735,270,,2000,损坏的XT-6级护卫舰资料档案、FG300、分类:舰船、分类:已实装,__NOTOC__ __NOEDITSECTION__ |理论结构极值= |满抵抗= |满巡航= |满曲率= |满金属= |满晶体= |满重氢= |满时间= |满仓储= |满对舰备注= |理论对舰备注= |满对空备注= |理论对空备注= |满攻城备注= |理论攻城备注= |满结构备注= |理论结构备注= |满抵抗备注= |满巡航备注= |满曲率备注= |满时间备注= |满仓储备注= |对舰扩展1= |对空扩展1= |攻城扩展1= |结构扩展1= |抵抗扩展1=/ |对舰扩展2= |对空扩展2= |攻城扩展2= |结构扩展2= |抵抗扩展2=/ }} ==立绘== ==展示== ==更新日志==,5星,护卫舰,神圣群星帝国,火炮,实弹,中排,合成
XT-11级-导弹驱逐舰,,,,,,,,,8,10,3300,1426,345,,10000, 金属、 晶体、 重氢、独立武装押运舰队、分类:舰船、分类:已实装、 M系统、 默认技、 强化槽、 策略技、 A系统、 强化槽、 策略技、 强化槽、 ,|多义词=XT-11级-导弹驱逐舰}} __NOTOC__ |类型=驱逐舰 |来源= 80px|link=损坏的XT-11级驱逐舰资料档案“私掠者的礼物”玩法获取 *在420秒使用 舰队击败25级私掠者——“独立武装押运舰队” *星系内击败任意的私掠者舰队，有一定的概率获得损坏的资料档案。 *在星系内首次控制私掠者哨所后，有一定的概率获得损坏的资料档案。 |评价=保有量较少，缺乏综合评价，个体评价可参考下方评测概述部分 }} ==系统== ===评测概述 === ※[https://www.bilibili.com/video/BV1h8ZwY5EhS/?spm_id_from=333.337,5星,驱逐舰,神圣群星帝国,导弹,实弹,中排,合成
PR024型-开拓船,,,,,,,,,50,1,,,,,250000,开拓者协议、30px、分类:舰船、分类:已实装,__NOTOC__ __NOEDITSECTION__ == == == 基础面板 == == 性能 == ==立绘== == 拓展 == 面临敌对抄家时卷铺盖跑路用的工具 }} == 系统 == |右边= 暂无科技树 }} |动力系统= }} |右边= 开拓船结构值为零时将随机迁移至本星系内一处空域（一般是落地时的那片行政区内），重置迁移冷却，并开启防护盾（本次护盾不占用基地护盾的冷却） *开拓船无法彻底摧毁，同时紧急规避过程无法被打断 }} }} == 补充说明 == *开拓船没有火力，基地防卫火力不等同于开拓船火力 *开拓船收起后受到攻击，其基地内舰船并不会出战 *开拓船触发紧急规避后，,3星,护卫舰,诺玛运输集团,无,无,后排,无
狼蜥级-防御护卫舰,,,,,,,,,6,10,1500,2133,146,,1200, 金属、 晶体、 重氢、分类:舰船、分类:已实装,|多义词=狼蜥级-防御护卫舰、狼蜥级-突击护卫舰、狼蜥级-攻坚护卫舰}} __NOTOC__ ==更新日志== ==系统== ==评测概述== ==相关图片== 牛蛙官方海报.png|官方海报 --> 分类:舰船分类:已实装 body{background:url('') no-repeat fixed 50% 0;background-size: cover;},3星,护卫舰,诺玛运输集团,飞行器,实弹,前排,限定
狼蜥级-突击护卫舰,,,,,,,,,6,10,3380,450,24,,1200, 金属、 晶体、 重氢、分类:舰船、分类:已实装,|多义词=狼蜥级-防御护卫舰、狼蜥级-突击护卫舰、狼蜥级-攻坚护卫舰}} __NOTOC__ ==更新日志== ==系统== ==评测概述== ==相关图片== 牛蛙官方海报.png|官方海报 --> 分类:舰船分类:已实装 body{background:url('') no-repeat fixed 50% 0;background-size: cover;},3星,护卫舰,诺玛运输集团,飞行器,能量,前排,限定
狼蜥级-攻坚护卫舰,,,,,,,,,8,10,4520,360,24,,1200, 金属、 晶体、 重氢、分类:舰船、分类:已实装,|多义词=狼蜥级-防御护卫舰、狼蜥级-突击护卫舰、狼蜥级-攻坚护卫舰}} __NOTOC__ ==更新日志== ==系统== ==评测概述== ==相关图片== 牛蛙官方海报.png|官方海报 --> 分类:舰船分类:已实装 body{background:url('') no-repeat fixed 50% 0;background-size: cover;},3星,护卫舰,诺玛运输集团,飞行器,能量,前排,限定
海尔波普-系统支援护航艇,,,,,,,,,,10,,,,,, 金属、 晶体、 重氢、分类:舰船、分类:已实装,|多义词=海尔波普-系统支援护航艇、海尔波普-维修支援护航艇}} __NOTOC__ |抵抗扩展2=/ }} ==更新日志== ''' *本舰船从新手星系卡池移除，变更为常规星系限定舰船 |日期2=2025-11-05 |内容2= '''指挥值'''： *移除舰载机指挥值 }} ==系统== 分类:舰船分类:已实装,3星,护航艇,其他,无,无,其他,无
海尔波普-维修支援护航艇,,,,,,,,,,10,,,,,, 金属、 晶体、 重氢、分类:舰船、分类:已实装,|多义词=海尔波普-系统支援护航艇、海尔波普-维修支援护航艇}} __NOTOC__ |抵抗扩展2=/ }} ==更新日志== ''' *本舰船从新手星系卡池移除，变更为常规星系限定舰船 |日期2=2025-11-05 |内容2= '''指挥值'''： *移除舰载机指挥值 }} ==系统== 分类:舰船分类:已实装,3星,护航艇,其他,无,无,其他,无
坦普尔1号-信息护航艇,,,,,,,,,,10,120,432,,,, 金属、 晶体、 重氢、分类:舰船、分类:已实装,|多义词=坦普尔1号-信息护航艇、坦普尔1号-预警护航艇}} __NOTOC__ |抵抗扩展1=/ |对舰扩展2= |对空扩展2= |结构扩展2= |抵抗扩展2=/ }} ==更新日志== ''' *本舰船从新手星系卡池移除，变更为常规星系限定舰船 |日期2=2025-11-05 |内容2= '''指挥值'''： *移除舰载机指挥值 '''反击火炮系统'''弹道类型： *移除舰载机武器攻击弹道类型 |日期3=2025-09-30 |内容3= '''反击火炮系统'''弹道类型： *直射武器和投射武器的描述变更，不再以武器类型进行划分界定，舰载机攻击弹道类型统一为投射武器，实际效果与原来一致 }},3星,护航艇,其他,火炮,实弹,其他,无
XA-5级-两栖登陆舰,,,,,,6000,350,50,4,10,150,54,18,,4000,分类:舰船、分类:已实装,__NOTOC__ == == ==基础面板== |对舰扩展2= |对空扩展2= |攻城扩展2= |结构扩展2= }} ==性能== ==立绘== ==展示== ==拓展== ==故事== ==更新日志== ==系统== 工程无人机系统 防卫系统 控制作业系统 装甲系统 动力系统 备用动力系统 能源系统 后排指挥系统 工程无人机系统占位（未加载） 火炮系统占位（未加载） 控制作业系统占位（未加载） 装甲系统占位（未加载） 动力系统占位（未加载） 备用动力系统占位（未加载） 能源系统占位（未加载） 后排指挥系统占位（未加载） 分类:舰船分类:已实装 /**/ .mw-body-content h,5星,护卫舰,神圣群星帝国,火炮,实弹,后排,无
先登级-两栖突击舰,,,,,,,,,9,10,2100,607,297,,11500, 金属、 晶体、 重氢、分类:舰船、分类:已实装,|多义词=先登级-两栖突击舰、先登级-载机驱逐舰}} __NOTOC__ __NOEDITSECTION__ ==更新日志== ==系统== ==评测概述== ==相关图片== 牛蛙官方海报.png|官方海报 --> 分类:舰船分类:已实装 body{background:url('') no-repeat fixed 50% 0;background-size: cover;},5星,驱逐舰,神圣群星帝国,飞行器,未定,中排,合成
先登级-载机驱逐舰,,,,,,,,,10,10,5434,1088,961,,11500, 金属、 晶体、 重氢、分类:舰船、分类:已实装,|多义词=先登级-两栖突击舰、先登级-载机驱逐舰}} __NOTOC__ __NOEDITSECTION__ ==更新日志== ==系统== ==评测概述== ==相关图片== 牛蛙官方海报.png|官方海报 --> 分类:舰船分类:已实装 body{background:url('') no-repeat fixed 50% 0;background-size: cover;},5星,驱逐舰,神圣群星帝国,鱼雷,能量,中排,合成
游骑兵级-重型离子炮巡洋舰,,,,,,,,,18,8,16837,,1936,,21000, 金属、 晶体、 重氢、分类:舰船、分类:已实装,|多义词=游骑兵级-综合作战巡洋舰、游骑兵级-重型离子炮巡洋舰}} __NOTOC__ ==更新日志== ==系统== ==评测概述== ==相关图片== 牛蛙官方海报.png|官方海报 --> 分类:舰船分类:已实装 body{background:url('') no-repeat fixed 50% 0;background-size: cover;},2星,巡洋舰,安东尼奥斯财团,离子炮,能量,中排,常驻
游骑兵级-综合作战巡洋舰,,,,,,57260,8200,2460,18,8,13000,1953,2349,,23000,巅峰之路、分类:舰船、分类:已实装,__NOTOC__ == == ==基础面板== |理论结构极值= |满抵抗= |满护盾= |满巡航= |满曲率= |满金属= |满晶体= |满重氢= |满时间= |满仓储= |满对舰备注= |理论对舰备注= |满对空备注= |理论对空备注= |满攻城备注= |理论攻城备注= |满结构备注= |理论结构备注= |满抵抗备注= |满护盾备注= |满巡航备注= |满曲率备注= |满时间备注= |满仓储备注= |对舰扩展1= |对空扩展1= |攻城扩展1= |结构扩展1= |抵抗扩展1=/ |护盾扩展1=/ |对舰扩展2= |对空扩展2= |攻城扩展2= |结构扩展2= |抵抗扩展2=/ |护盾扩展,3星,巡洋舰,安东尼奥斯财团,火炮,实弹,中排,限定
永恒苍穹级-无人机航空母舰,,,,,,259410,40420,42780,40,5,18002,3130,4589,,150000,巅峰之路、link=、link=、分类:舰船、分类:已实装,__NOTOC__ == == ==基础面板== |对空扩展1= |攻城扩展1= |结构扩展1= |抵抗扩展1=/ |护盾扩展1=/ |对舰扩展2= |对空扩展2= |攻城扩展2= |结构扩展2= |抵抗扩展2=/ |护盾扩展2=/ }} ==巅峰属性== |10结构值= |10巅峰值=换行 --> |10奖励= |15结构值= |15巅峰值=换行 --> |15奖励= |20结构值= |20巅峰值=换行 --> |20奖励=巅峰之路 |突破1=舰船结构值+4785 换行-----> |未破5= 换行-----> |突破5= 换行-----> |未破10= 换行-----> |突破10= 换行,4星,航空母舰,木星工业集团,飞行器,能量,后排,常驻
砂龙-大气层拦截机,,,,,,,,,1,10,120,2685,,,, 金属、 晶体、 重氢、 比邻星币、 比邻星币、 比邻星币、 比邻星币、 比邻星币、 M系统、 默认技、 强化槽、 策略技、 强化槽、 默认技、 强化槽,__NOTOC__ |结构=4200 |时间=00:10:10 |维修=413.0/分钟 |成本=499020px|link=| 金属&nbsp;44020px|link=| 晶体&nbsp;14020px|link=| 重氢 |满对舰= |满对空= |满结构= |满突防= |满成本= |对舰扩展2=系统内所有武器伤害+5% |对空扩展2=系统内所有武器伤害+5% |结构扩展1=舰船结构值+5% |结构扩展2=舰船结构值+5% }} &nbsp;/&nbsp;肉盾- |类型=战机 |来源= 80px|link=| 加密技术档案2.0（快速）未央资助计划 *20px|link=| 快速：研究节点,2星,战机,其他,火炮,实弹,其他,常驻
BR050-标准轰炸机,,,,,,,,,1,10,3770,,1350,,, 金属、 晶体、 重氢、 比邻星币、 比邻星币、 比邻星币、 比邻星币、 比邻星币、 比邻星币、 比邻星币、 M系统、 默认技、 强化槽、 策略技、 强化槽,|多义词=BR050-标准轰炸机、BR050-多用途轰炸机、BR050-鱼雷轰炸机}} __NOTOC__ |结构=5040 |时间=00:13:50 |维修=383.0/分钟 |成本=664020px|link=| 金属&nbsp;62020px|link=| 晶体&nbsp;19020px|link=| 重氢 |满对舰=5354 |满攻城=2864 |满抵抗=8 |满结构=7106 |满突防=2800 |满成本= |对舰扩展2=系统内所有武器伤害+5%（+194） |攻城扩展2=系统内所有武器伤害+5%（+66） |结构扩展1=舰船结构值+7% |结构扩展2=舰船结构值+5%（+252） ,2星,战机,其他,鱼雷,实弹,其他,常驻
BR050-多用途轰炸机,,,,,,,,,1,10,2514,,900,,, 金属、 晶体、 重氢、 比邻星币、 比邻星币、 比邻星币、 比邻星币、 比邻星币、 比邻星币、 比邻星币、 M系统、 默认技、 强化槽、 强化槽、 默认技,|多义词=BR050-标准轰炸机、BR050-多用途轰炸机、BR050-鱼雷轰炸机}} __NOTOC__ |结构=5040 |时间=00:14:50 |维修=340.0/分钟 |成本=618020px|link=| 金属&nbsp;59020px|link=| 晶体&nbsp;23020px|link=| 重氢 |满对舰= |满攻城= |满结构= |满突防=2800 |满成本= |对舰扩展1=系统内导弹/鱼雷伤害+15% |对舰扩展2=系统内所有武器伤害+5% |攻城扩展1=系统内导弹/鱼雷伤害+15% |攻城扩展2=系统内所有武器伤害+5% |结构扩展1=舰船结构值+10% |结构扩展2=,2星,战机,其他,鱼雷,实弹,其他,常驻
BR050-鱼雷轰炸机,,,,,,,,,1,10,642,,254,,, 金属、 晶体、 重氢、 比邻星币、 比邻星币、 比邻星币、 比邻星币、 比邻星币、 比邻星币、 比邻星币、 M系统、 默认技、 强化槽、 强化槽、 默认技,|多义词=BR050-标准轰炸机、BR050-多用途轰炸机、BR050-鱼雷轰炸机}} __NOTOC__ __NOEDITSECTION__ |结构=5040 |时间=00:18:40 |维修=270.0/分钟 |成本=720020px|link=| 金属&nbsp;80020px|link=| 晶体&nbsp;28020px|link=| 重氢 |满对舰= |满攻城= |满抵抗=6 |满结构= |满突防=2800 |满成本= |对舰扩展2=系统内所有武器伤害+5% |攻城扩展2=系统内所有武器伤害+5% |结构扩展1=舰船结构值+7% |结构扩展2=舰船结构值+5% }} &nbsp;/&,2星,战机,其他,鱼雷,实弹,其他,常驻
雨海级-突击护卫舰,,,,,,,,,5,10,3130,450,773,,1800, 金属、 晶体、 重氢、 比邻星币、 比邻星币、 比邻星币、 比邻星币、 比邻星币、 比邻星币、 比邻星币、分类:舰船、分类:已实装、 M系统、 默认技、 强化槽,|多义词=雨海级-突击护卫舰、雨海级-实验型脉冲炮护卫舰}} __NOTOC__ *1=紫币*888 80px|link=| 档案集成І（木星工业九合一）266020px|link=| 比邻星币 *档案集成（九合一）–木星工业 *1=紫币*2660 80px|link=| 舰船及载机蓝图档案1520px|link=| 技术储备 *舰船及载机蓝图档案*1=技术储备*15 80px|link=| 舰船及载机蓝图档案2.01520px|link=| 技术储备 *舰船及载机蓝图档案2.0*1=技术储备*15 80px|link=| 研究协议2520px|link=| 技术储备 *研究协议*1=技术储备,2星,护卫舰,木星工业集团,轨道炮,实弹,前排,常驻
雨海级-实验型脉冲炮护卫舰,,,,,,,,,8,10,3420,810,239,,1800, 金属、 晶体、 重氢、 比邻星币、 比邻星币、 比邻星币、 比邻星币、 比邻星币、 比邻星币、 比邻星币、分类:舰船、分类:已实装、 M系统、 默认技、 强化槽,|多义词=雨海级-突击护卫舰、雨海级-实验型脉冲炮护卫舰}} __NOTOC__ __NOEDITSECTION__ |5奖励1=称号：“惊雷” |10奖励1=巅峰舰船背景 |15奖励1=称号：“雨海惊雷” |20奖励1=涂装：“巅峰之路” |突破1= |未破5= |突破5= |未破10= |突破10= |未破15= |突破15= |未破20= |突破20= }} *1=紫币*888 80px|link=| 档案集成І（木星工业九合一）266020px|link=| 比邻星币 *档案集成（九合一）–木星工业 *1=紫币*2660 80px|link=| 舰船及载机蓝图档案1520px|link,2星,护卫舰,木星工业集团,脉冲炮,能量,中排,常驻
光锥级-TE-综合导弹巡洋舰,88215,,,,,61950,7670,2860,20,8,16521,6359,1492,,26000,分类:舰船、分类:已实装,__NOTOC__ == == ==基础面板== |理论结构极值= |满抵抗=50 |满护盾=10.0 |满巡航=585 |满曲率=2250 |满金属=65047 |满晶体=8053 |满重氢=3003 |满时间=03:14:24 |满仓储=26000 |满对舰备注= |理论对舰备注= |满对空备注= |理论对空备注= |满攻城备注= |理论攻城备注= |满结构备注= |理论结构备注= |满抵抗备注= |满护盾备注= |满巡航备注= |满曲率备注= |满时间备注= |满仓储备注= |对舰扩展1=/ |对空扩展1=/ |攻城扩展1=/ |结构扩展1= |抵抗扩展1=/ |护盾扩展1=/ |对舰扩,3星,巡洋舰,诺玛运输集团,导弹,实弹,中排,限定
AT021-战术攻击机,,,,,,,,,,15,843,675,96,,, 金属、 晶体、 重氢、巅峰之路、分类:舰船、分类:已实装,|多义词=AT021-脉冲攻击机、AT021-战术攻击机、AT021-重型攻击机}} __NOTOC__ __NOEDITSECTION__ |对空扩展1= |攻城扩展1= |结构扩展1= |对舰扩展2= |对空扩展2= |攻城扩展2= |结构扩展2= }} |5奖励1= |5奖励2= |10奖励1= |10奖励2= |15奖励1= |15奖励2= |20奖励1= |20奖励2=巅峰之路 |突破1=舰船结构值+70 |未破5= |突破5= |未破10= |突破10= |未破15= |突破15= |未破20= |突破20= }} ==更新日志== *直射武器和投射武器的描述变更，不再以武器类型进,2星,战机,其他,火炮,实弹,其他,无
AT021-重型攻击机,,,,,,,,,,15,3366,,387,,, 金属、 晶体、 重氢、巅峰之路、分类:舰船、分类:已实装,|多义词=AT021-脉冲攻击机、AT021-战术攻击机、AT021-重型攻击机}} __NOTOC__ __NOEDITSECTION__ |攻城扩展1= |结构扩展1= |对舰扩展2= |攻城扩展2= |结构扩展2= }} |5奖励1= |5奖励2= |10奖励1= |10奖励2= |15奖励1= |15奖励2= |20奖励1= |20奖励2=巅峰之路 |突破1=舰船结构值+70 |未破5= |突破5= |未破10= |突破10= |未破15= |突破15= |未破20= |突破20= }} ==更新日志== *移除舰载机指挥值 '''精准攻击系统'''弹道类型： '''机制制导系统''',2星,战机,其他,导弹,实弹,其他,无
AT021-脉冲攻击机,,,,,,5600,450,240,,15,1482,888,42,,,巅峰之路、分类:舰船、分类:已实装,"__NOTOC__ == == |英文名称= |稀有度=2 |所属=未央公约组织 |前身= |介绍=搭载单管大口径脉冲机炮，能快速打击中小型舰船目标。同时配有特殊的能源强化装置，能够进一步加强能量输出。 |攻击属性=能量 |武器类型=脉冲炮 |武器定位=无 |舰船站位=其他 |TAG=快速输出,延后出击,反击防空 |限定=否 |实装日期=2023年4月19日 }} == 基础面板 == |理论结构极值= |满抵抗= |满护盾= |满突防= |满去程时间= |满回程时间= |满金属= |满晶体= |满重氢= |满时间= |满对舰备注= |理论对舰备注= |满对空备注= |理论对空备注= |满攻城",2星,战机,其他,脉冲炮,能量,其他,无
CAS066级-支援巡洋舰,,,,,,,,,18,12,3975,432,724,,26000, 金属、 晶体、 重氢、分类:舰船、分类:已实装,|多义词=CAS066级-通用巡洋舰、CAS066级-炮击巡洋舰、CAS066级-载机巡洋舰、CAS066级-支援巡洋舰}} __NOTOC__ |10结构值= |10巅峰值=换行 --> |10奖励= |15结构值= |15巅峰值=换行 --> |15奖励= |20结构值= |20巅峰值=换行 --> |20奖励= |突破1= 换行-----> |未破3= 换行-----> |突破3=舰船结构值提升2940“龙骨结构增强”最大等级+1 换行-----> |未破5=舰船结构值提升3920“龙骨结构增强”最大等级+1 换行-----> |突破5=舰船结构值提升5450曲率移动速度提升50“龙骨结,2星,巡洋舰,未央公约组织,火炮,实弹,中排,常驻
CV-M011型-高速导弹艇,,,,,,,,,2,15,1206,1008,130,,, 金属、 晶体、 重氢、分类:舰船、分类:已实装,|多义词=CV-M011型-重型导弹艇、CV-M011型-重炮艇、CV-M011型-高速导弹艇}} __NOTOC__ ==更新日志== ==系统== ==评测概述== ==相关图片== 牛蛙官方海报.png|官方海报 --> 分类:舰船分类:已实装 body{background:url('') no-repeat fixed 50% 0;background-size: cover;},2星,护航艇,其他,导弹,实弹,其他,常驻
雷火之星-综合武库舰,,,,,,194820,64210,36110,35,3,43236,1731,7151,,120000,巅峰之路、link=、link=、link=、分类:舰船、分类:已实装,__NOTOC__ == == ==基础面板== |理论结构极值= |满抵抗= |满护盾= |满巡航= |满曲率= |满金属= |满晶体= |满重氢= |满时间= |满仓储= |满对舰备注= |理论对舰备注= |满对空备注= |理论对空备注= |满攻城备注= |理论攻城备注= |满结构备注= |理论结构备注= |满抵抗备注= |满护盾备注= |满巡航备注= |满曲率备注= |满时间备注= |满仓储备注= |对舰扩展1=/ |对空扩展1=/ |攻城扩展1=/ |结构扩展1= |抵抗扩展1=/ |护盾扩展1=/ |对舰扩展2= |对空扩展2= |攻城扩展2= |结构扩展2= |抵抗扩展2=/ |护,4星,战列巡洋舰,雷火科技公司,轨道炮,实弹,中排,限定
止战级-攻坚战列舰-改装型,,,,,,395580,108200,74930,50,3,30520,,6210,,150000,分类:舰船、分类:已实装,__NOTOC__ __NOEDITSECTION__ == == ==基础面板== |理论结构极值=/ |满抵抗=/ |满护盾=/ |满巡航=/ |满曲率=/ |满金属=/ |满晶体=/ |满重氢=/ |满时间=/ |满仓储=150000 |满对舰备注= |理论对舰备注= |满攻城备注= |理论攻城备注= |满结构备注= |理论结构备注= |满抵抗备注= |满护盾备注= |满巡航备注= |满曲率备注= |满时间备注= |满仓储备注= |对舰扩展1=/ |攻城扩展1=/ |结构扩展1=/ |抵抗扩展1=/ |护盾扩展1=/ |对舰扩展2= |攻城扩展2= |结构扩展2= |抵抗扩展2=/ |护,6星,战列舰,神圣群星帝国,离子炮,能量,前排,无
埃迪卡拉级-重型火力支援舰,,,,,,,,,40,2,11057,5002,1756,,105000, 金属、 晶体、 重氢、分类:舰船、分类:已实装、分类:埃迪卡拉、分类:原装,|多义词=埃迪卡拉级-重型火力支援舰}} __NOTOC__ ==更新日志== ==系统== ==评测概述== ==相关图片== 牛蛙官方海报.png|官方海报 --> 分类:舰船分类:已实装分类:埃迪卡拉分类:原装 body{background:url('') no-repeat fixed 50% 0;background-size: cover;},4星,支援舰,诺玛运输集团,火炮,实弹,中排,限定
海氏追随者型-脉冲战斗机,,,,,,,,,1,8,4614,2214,1521,,, 金属、 晶体、 重氢、 比邻星币、 比邻星币、 比邻星币、 比邻星币、 比邻星币、分类:舰船、分类:已实装、 M系统、 默认技、 强化槽、 策略技、 强化槽,__NOTOC__ __NOEDITSECTION__ *1=紫币*888 80px|link=| 档案集成І（未央综合九合一）266020px|link=| 比邻星币 *档案集成（九合一）–未央综合 *1=紫币*2660 80px|link=| 舰船及载机蓝图档案1520px|link=| 技术储备 *舰船及载机蓝图档案*1=技术储备*15 80px|link=| 舰船及载机蓝图档案2.01520px|link=| 技术储备 *舰船及载机蓝图档案2.0*1=技术储备*15 *舰船及载机蓝图档案2.0*1=未央资助计划50级（三选一） 80px|link=| 综合蓝图档案20020px|lin,2星,战机,其他,脉冲炮,能量,其他,常驻
S-列维9号-重型鱼雷艇,,,,,,4050,410,120,,10,3760,,1820,,,巅峰之路、分类:舰船、分类:已实装,"__NOTOC__ == == |英文名称=S-Levy 9 - Heavy Torpedo Escort Corvette |稀有度=2 |所属=木星工业集团 |前身= |介绍=木星工业开发的彗星系列护航艇，装备三枚机载鱼雷发射器，能够近距离打击对方目标。鱼雷弹头经过特殊设计，对动能护甲有突出的破坏力。使用的鱼雷是超新星反舰鱼雷的机载版，威力巨大，但携带数量有限，因此每隔一段时间需要返回母舰补充弹药。 |攻击属性=实弹 |武器类型=鱼雷 |武器定位=无 |舰船站位=其他 |TAG=俯冲投弹,近距离突击,往复打击 |限定=否 |实装日期=2022年6月22日 }} ==基础面板== |攻城扩展",2星,护航艇,其他,鱼雷,实弹,其他,无
FSV830-快速战术支援舰,,,,,,,,,40,2,2400,270,90,,125000, 金属、 晶体、 重氢、分类:舰船、分类:已实装、分类:FSV830、分类:原装,|多义词=FSV830-快速战术支援舰}} __NOTOC__ ==更新日志== ==系统== ==评测概述== ==相关图片== 牛蛙官方海报.png|官方海报 --> 分类:舰船分类:已实装分类:FSV830分类:原装,4星,支援舰,未央公约组织,火炮,实弹,后排,限定
太阳鲸-TE-无人机航空母舰,,,,,,246680,26060,33930,55,5,18264,1170,7694,,130000,分类:舰船、分类:已实装,__NOTOC__ __NOEDITSECTION__ == == ==基础面板== |对空扩展1=/ |攻城扩展1= |抵抗扩展1=/ |护盾扩展1=“遮阳罩”辐射隔离镀层（+5.0%） |对舰扩展2= （+420） （+288） |对空扩展2= （+117） |攻城扩展2= （+84） （+40） |结构扩展2= （+16471） |抵抗扩展2=/ |护盾扩展2=/ }} ==性能== ==立绘== ==展示== ==拓展== |评价= 传说中的17鲸，只能靠拾取舰船残骸获取实体舰船，上限50点-100点，系统自动加点，不可手动加点，强度不明 }} ==故事== ==更新日志== ==系统,3星,航空母舰,诺玛运输集团,飞行器,未定,中排,限定
D20-数据工程舰,,,,,,140000,16000,10000,30,5,,,,,200000,分类:舰船、分类:已实装,__NOTOC__ __NOEDITSECTION__ == == ==基础面板== ==性能== == 立绘 == == 展示 == ==拓展== }} ==故事== ==更新日志== '''曲率速度'''： |日期3=2025-05-21 |版本3=关闭蓝图获取途径 |内容3= 混合星域——曲率回响上线，数据抢救协议下线，蓝图获取途径关闭 }} ==系统== 工程无人机系统 装甲系统 能源系统 动力系统 备用动力系统 后排指挥系统 工程无人机系统占位（未加载） 装甲系统占位（未加载） 能源系统占位（未加载） 动力系统占位（未加载） 备用动力系统占位（未加载） 后排指挥系统占位（未加载） 分,5星,工程舰,未央公约组织,无,无,后排,无
南十字星元帅级-武装航空母舰,,,,,,,,,40,5,16080,691,1908,,150000, 金属、 晶体、 重氢、分类:舰船、分类:已实装、分类:南十字星、分类:原装,|多义词=南十字星元帅级-武装航空母舰}} __NOTOC__ ==更新日志== ==系统== ==评测概述== ==相关图片== 牛蛙官方海报.png|官方海报 --> 分类:舰船分类:已实装分类:南十字星分类:原装 body{background:url('') no-repeat fixed 50% 0;background-size: cover;},4星,航空母舰,安东尼奥斯财团,离子炮,能量,后排,限定
迅捷级-TE-高速载机运输船,,,,,,,,,14,6,2400,384,256,,20000, 金属、 晶体、 重氢、分类:舰船、分类:已实装,__NOTOC__ __NOEDITSECTION__ ==更新日志== ==系统== ==相关图片== 牛蛙官方海报.png|官方海报 --> 分类:舰船分类:已实装 body{background:url('') no-repeat fixed 50% 0;background-size: cover;},3星,巡洋舰,神圣群星帝国,飞行器,未定,后排,限定
全能级-TE-离子炮巡洋舰,,,,,,,,,18,5,10192,575,1721,,27000, 金属、 晶体、 重氢、分类:舰船、分类:已实装,__NOTOC__ __NOEDITSECTION__ |多义词=全能级-TE-离子炮巡洋舰、全能级-离子炮巡洋舰}} |类型=巡洋舰 |来源=星系内基地对接； 星系内（不含新手星系）基地对接 ，一般在6级以上空间站中出现 ※联络站：概率刷出实体舰船 |评价=虽然对巡洋舰额外增伤，但实战数据较少，暂不评价 }} ==系统== 分类:舰船分类:已实装 body{background:url('') no-repeat fixed 50% 0;background-size: cover;},3星,巡洋舰,神圣群星帝国,离子炮,能量,中排,限定
凛冽级-TE-高速导弹驱逐舰,,,,,,,,,10,8,6205,1501,752,,10000, 金属、 晶体、 重氢、分类:舰船、分类:已实装,__NOTOC__ __NOEDITSECTION__ ==更新日志== ==系统== ==评测概述== ==相关图片== 牛蛙官方海报.png|官方海报 --> 分类:舰船分类:已实装 body{background:url('') no-repeat fixed 50% 0;background-size: cover;},3星,驱逐舰,神圣群星帝国,导弹,实弹,中排,限定
灼热级-TE-重型火炮突击舰,,,,,,,,,15,8,9135,278,1023,,11000, 金属、 晶体、 重氢、分类:舰船、分类:已实装,__NOTOC__ __NOEDITSECTION__ 2.联络站概率刷出：可在联络站购买实体舰船 |评价= }} ==更新日志== ==系统== ==相关图片== 牛蛙官方海报.png|官方海报 --> 分类:舰船分类:已实装 body{background:url('') no-repeat fixed 50% 0;background-size: cover;},3星,驱逐舰,神圣群星帝国,火炮,实弹,前排,限定
迅捷级-武装运输船,,,,,,,,,14,8,2400,384,256,,36000, 金属、 晶体、 重氢、分类:舰船、分类:已实装,|多义词=迅捷级-武装运输船、迅捷级-载机运输船、迅捷级-高速载机运输船}} __NOTOC__ __NOEDITSECTION__ |多义词=迅捷级-武装运输船、迅捷级-TE-武装运输船}} ==更新日志== ==系统== ==相关图片== 牛蛙官方海报.png|官方海报 --> 分类:舰船分类:已实装 body{background:url('') no-repeat fixed 50% 0;background-size: cover;},5星,巡洋舰,神圣群星帝国,火炮,实弹,后排,无
迅捷级-载机运输船,,,,,,,,,14,8,2400,384,256,,28000, 金属、 晶体、 重氢、分类:舰船、分类:已实装,|多义词=迅捷级-武装运输船、迅捷级-载机运输船、迅捷级-高速载机运输船}} __NOTOC__ __NOEDITSECTION__ |多义词=迅捷级-载机运输船、迅捷级-TE-载机运输船}} ==更新日志== ==系统== ==相关图片== 牛蛙官方海报.png|官方海报 --> 分类:舰船分类:已实装 body{background:url('') no-repeat fixed 50% 0;background-size: cover;},5星,巡洋舰,神圣群星帝国,飞行器,未定,后排,无
凛冽级-防御驱逐舰,,,,,,,,,10,10,3134,963,102,,11500, 金属、 晶体、 重氢、分类:舰船、分类:已实装,|多义词=凛冽级-导弹驱逐舰、凛冽级-防御驱逐舰、凛冽级-高速导弹驱逐舰}} __NOTOC__ __NOEDITSECTION__ |多义词=凛冽级-防御驱逐舰、凛冽级-TE-防御驱逐舰}} ==更新日志== ==系统== ==相关图片== 牛蛙官方海报.png|官方海报 --> 分类:舰船分类:已实装 body{background:url('') no-repeat fixed 50% 0;background-size: cover;},5星,驱逐舰,神圣群星帝国,导弹,实弹,中排,无
理智A101-战斗攻击机,,,,,,5470,460,160,,10,2169,690,180,,,巅峰之路、损坏的旧帝国战机资料档案、分类:舰船、分类:已实装,"__NOTOC__ == == |英文名称=A101 the Rational - Combat Attacker |稀有度=5 |所属=神圣群星帝国 |前身= |介绍=旧帝国军队的主力战斗机之一，装备有1门主炮可以执行对舰打击。2门辅助机炮补充火力，也可以兼具小范围防空的作用。 |攻击属性=实弹 |武器类型=火炮 |武器定位=无 |舰船站位=其他 |TAG=攻击系统,星序协同作战,轨道打击,反击防空 |限定=未知 |实装日期=2021年10月29日 }} == 基础面板 == |理论结构极值= |满突防= |满去程时间= |满回程时间= |满金属= |满晶体= |满重氢= |满时间= |满对",5星,战机,其他,火炮,实弹,其他,无
警惕级-战术驱逐舰,,,,,,,,,8,10,1000,315,42,,12000, 金属、 晶体、 重氢、分类:舰船、分类:已实装,__NOTOC__ __NOEDITSECTION__ |多义词=警惕级-战术驱逐舰、警惕级-TE-战术驱逐舰}} ==更新日志== ==系统== ==相关图片== 牛蛙官方海报.png|官方海报 --> 分类:舰船分类:已实装 body{background:url('') no-repeat fixed 50% 0;background-size: cover;},5星,驱逐舰,神圣群星帝国,火炮,实弹,后排,无
凛冽级-导弹驱逐舰,,,,,,,,,10,10,6205,1501,752,,11500, 金属、 晶体、 重氢、分类:舰船、分类:已实装,|多义词=凛冽级-导弹驱逐舰、凛冽级-防御驱逐舰、凛冽级-高速导弹驱逐舰}} __NOTOC__ __NOEDITSECTION__ |多义词=凛冽级-导弹驱逐舰、凛冽级-TE-导弹驱逐舰}} ==更新日志== ==系统== ==相关图片== 牛蛙官方海报.png|官方海报 --> 分类:舰船分类:已实装 body{background:url('') no-repeat fixed 50% 0;background-size: cover;},5星,驱逐舰,神圣群星帝国,导弹,实弹,中排,无
灼热级-重型鱼雷突击舰,,,,,,,,,15,8,8163,,1986,,11000, 金属、 晶体、 重氢、分类:舰船、分类:已实装,|另一含义=“灼热级”关键词的其他条目|消歧义页=灼热级}} |多义词=灼热级-重型火炮突击舰、灼热级-重型鱼雷突击舰}} __NOTOC__ __NOEDITSECTION__ |多义词=灼热级-重型鱼雷突击舰、灼热级-TE-重型鱼雷突击舰}} ==更新日志== ==系统== 牛蛙官方海报.png|官方海报 --> 分类:舰船分类:已实装,5星,驱逐舰,神圣群星帝国,鱼雷,实弹,前排,无
康纳马拉混沌级-高速等离子体巡洋舰,,,,,,,,,20,8,26661,529,4450,,20000, 金属、 晶体、 重氢、分类:舰船、分类:已实装,|多义词=康纳马拉混沌级-轨道炮巡洋舰、康纳马拉混沌级-高速等离子体巡洋舰}} __NOTOC__ |10结构值= |10巅峰值=换行 --> |10奖励= |15结构值= |15巅峰值=换行 --> |15奖励= |20结构值= |20巅峰值=换行 --> |20奖励= |突破1= 换行-----> |未破3= 换行-----> |突破3=“龙骨结构增强”最大等级+1 换行-----> |未破5=舰船结构值提升3920“龙骨结构增强”最大等级+1 换行-----> |突破5=舰船结构值提升5450曲率移动速度增加50“龙骨结构增强”最大等级+2 换行-----> |未破8= 换行----->,3星,巡洋舰,木星工业集团,等离子武器,能量,后排,限定
米斯特拉-战斗攻击机,6696,,,,,7520,650,220,,10,220,2124,,,,巅峰之路、分类:舰船、分类:已实装,"__NOTOC__ == == |英文名称=Mistral - Combat Attacker |稀有度=3 |所属=安东尼奥斯财团 |介绍=搭载两门快速火炮，能够对对方来袭的机群和护航艇做出快速反击，拥有强大的空中格斗能力。机体重量较轻，能够支持更长时间的出击。 |攻击属性=实弹 |武器类型=火炮 |武器定位=无 |舰船站位=其他 |TAG=乘胜追击,攻击系统,主动防空,往复打击 |限定=是 |实装日期=2021年10月20日 }} ==基础面板== |理论结构极值= |满突防=3100 |满去程时间=2.1 |满回程时间=2.1 |满金属=8414 |满晶体=727 |满重氢=246 |满",3星,战机,其他,火炮,实弹,其他,无
康纳马拉混沌级-轨道炮巡洋舰,,,,,,,,,20,8,12380,529,1320,,20000, 金属、 晶体、 重氢、分类:舰船、分类:已实装,|多义词=康纳马拉混沌级-轨道炮巡洋舰、康纳马拉混沌级-高速等离子体巡洋舰}} __NOTOC__ __NOEDITSECTION__ |10结构值= |10巅峰值=换行 --> |10奖励= |15结构值= |15巅峰值=换行 --> |15奖励= |20结构值= |20巅峰值=换行 --> |20奖励= |突破1= 换行-----> |未破3= 换行-----> |突破3=“龙骨结构增强”最大等级+1 换行-----> |未破5=舰船结构值提升3920“龙骨结构增强”最大等级+1 换行-----> |突破5=舰船结构值提升5450曲率移动速度增加50“龙骨结构增强”最大等级+2 换行---,3星,巡洋舰,木星工业集团,轨道炮,实弹,中排,限定
亚达伯拉级-重型火炮驱逐舰,,,,,,,,,8,10,5820,2600,775,,7000, 金属、 晶体、 重氢、分类:舰船、分类:已实装,|多义词=亚达伯拉级-重型火炮驱逐舰、亚达伯拉级-重型攻坚驱逐舰、亚达伯拉级-重型防空驱逐舰}} __NOTOC__ ==更新日志== ==系统== ==评测概述== ==相关图片== 牛蛙官方海报.png|官方海报 --> 分类:舰船分类:已实装 body{background:url('') no-repeat fixed 50% 0;background-size: cover;},3星,驱逐舰,诺玛运输集团,火炮,实弹,前排,限定
亚达伯拉级-重型攻坚驱逐舰,,,,,,,,,8,10,5280,1012,1048,,7000, 金属、 晶体、 重氢、分类:舰船、分类:已实装,|多义词=亚达伯拉级-重型火炮驱逐舰、亚达伯拉级-重型攻坚驱逐舰、亚达伯拉级-重型防空驱逐舰}} __NOTOC__ ==更新日志== ==系统== ==评测概述== ==相关图片== 牛蛙官方海报.png|官方海报 --> 分类:舰船分类:已实装 body{background:url('') no-repeat fixed 50% 0;background-size: cover;},3星,驱逐舰,诺玛运输集团,火炮,实弹,前排,限定
CV-II003型-轻型护航艇,,,,,,,,,2,15,1880,144,418,,, 金属、 晶体、 重氢、分类:舰船、分类:已实装,__NOTOC__ ==更新日志== ==系统== ==评测概述== ==相关图片== 牛蛙官方海报.png|官方海报 --> 分类:舰船分类:已实装 body{background:url('') no-repeat fixed 50% 0;background-size: cover;},1星,护航艇,其他,火炮,实弹,其他,常驻
CAS066级-通用巡洋舰,,,,,,,,,18,12,10726,432,3299,,26000, 金属、 晶体、 重氢、 暴击、 强化槽、分类:舰船、分类:已实装,|多义词=CAS066级-通用巡洋舰、CAS066级-炮击巡洋舰、CAS066级-载机巡洋舰、CAS066级-支援巡洋舰}} __NOTOC__ __NOEDITSECTION__ |10结构值= |10巅峰值=换行 --> |10奖励= |15结构值= |15巅峰值=换行 --> |15奖励= |20结构值= |20巅峰值=换行 --> |20奖励= |突破1= 换行-----> |未破3= 换行-----> |突破3=舰船结构值提升2940“龙骨结构增强”最大等级+1 换行-----> |未破5=舰船结构值提升3920“龙骨结构增强”最大等级+1 换行-----> |突破5=舰船结构值提升,1星,巡洋舰,未央公约组织,导弹,实弹,前排,常驻
KCCPV2.0-轻型攻击巡洋舰,,,,,,,,,16,12,8702,1110,1965,,25000, 金属、 晶体、 重氢、分类:舰船、分类:已实装,|多义词=KCCPV2.0-轻型攻击巡洋舰、KCCPV2.0-轻型脉冲攻击巡洋舰、KCCPV2.0-轻型轨道炮巡洋舰、KCCPV2.0-轻型载机巡洋舰}} __NOTOC__ ==更新日志== ==系统== ==评测概述== ==相关图片== 牛蛙官方海报.png|官方海报 --> 分类:舰船分类:已实装 body{background:url('') no-repeat fixed 50% 0;background-size: cover;},1星,巡洋舰,未央公约组织,导弹,实弹,后排,常驻
KCCPV2.0-轻型载机巡洋舰,,,,,,,,,16,12,5014,930,464,,22000, 金属、 晶体、 重氢、分类:舰船、分类:已实装,|多义词=KCCPV2.0-轻型攻击巡洋舰、KCCPV2.0-轻型脉冲攻击巡洋舰、KCCPV2.0-轻型轨道炮巡洋舰、KCCPV2.0-轻型载机巡洋舰}} __NOTOC__ ==更新日志== ==系统== ==评测概述== ==相关图片== 牛蛙官方海报.png|官方海报 --> 分类:舰船分类:已实装 body{background:url('') no-repeat fixed 50% 0;background-size: cover;},1星,巡洋舰,未央公约组织,飞行器,未定,后排,常驻
CAS066级-载机巡洋舰,,,,,,,,,18,12,6150,432,1377,,26000, 金属、 晶体、 重氢、分类:舰船、分类:已实装,|多义词=CAS066级-通用巡洋舰、CAS066级-炮击巡洋舰、CAS066级-载机巡洋舰、CAS066级-支援巡洋舰}} __NOTOC__ ==更新日志== ==系统== ==评测概述== ==相关图片== 牛蛙官方海报.png|官方海报 --> 分类:舰船分类:已实装 body{background:url('') no-repeat fixed 50% 0;background-size: cover;},2星,巡洋舰,未央公约组织,飞行器,未定,中排,常驻
KCCPV2.0-轻型脉冲攻击巡洋舰,,,,,,,,,16,12,9064,1020,734,,22000, 金属、 晶体、 重氢、分类:舰船、分类:已实装,|多义词=KCCPV2.0-轻型攻击巡洋舰、KCCPV2.0-轻型脉冲攻击巡洋舰、KCCPV2.0-轻型轨道炮巡洋舰、KCCPV2.0-轻型载机巡洋舰}} __NOTOC__ ==更新日志== ==系统== ==评测概述== ==相关图片== 牛蛙官方海报.png|官方海报 --> 分类:舰船分类:已实装 body{background:url('') no-repeat fixed 50% 0;background-size: cover;},2星,巡洋舰,未央公约组织,脉冲炮,能量,中排,常驻
虚灵-隐身导弹艇,,,,,,,,,2,10,3593,468,315,,, 金属、 晶体、 重氢、分类:舰船、分类:已实装,__NOTOC__ ==更新日志== ==系统== ==评测概述== ==相关图片== 牛蛙官方海报.png|官方海报 --> 分类:舰船分类:已实装 body{background:url('') no-repeat fixed 50% 0;background-size: cover;},2星,护航艇,其他,导弹,实弹,其他,常驻
雷里亚特级-隐身护卫舰,,,,,,,,,4,10,3257,,205,,1500, 金属、 晶体、 重氢、分类:舰船、分类:已实装,|多义词=雷里亚特级-快速鱼雷护卫舰、雷里亚特级-战术鱼雷护卫舰、雷里亚特级-隐身护卫舰}} __NOTOC__ ==更新日志== ==系统== ==评测概述== ==相关图片== 牛蛙官方海报.png|官方海报 --> 分类:舰船分类:已实装 body{background:url('') no-repeat fixed 50% 0;background-size: cover;},2星,护卫舰,安东尼奥斯财团,鱼雷,实弹,中排,常驻
雷里亚特级-快速鱼雷护卫舰,,,,,,,,,4,10,2845,936,370,,2000, 金属、 晶体、 重氢、分类:舰船、分类:已实装,|多义词=雷里亚特级-快速鱼雷护卫舰、雷里亚特级-战术鱼雷护卫舰、雷里亚特级-隐身护卫舰}} __NOTOC__ ==更新日志== ==系统== ==评测概述== ==相关图片== 牛蛙官方海报.png|官方海报 --> 分类:舰船分类:已实装 body{background:url('') no-repeat fixed 50% 0;background-size: cover;},2星,护卫舰,安东尼奥斯财团,鱼雷,实弹,中排,常驻
猎兵级-重型载机巡洋舰,,,,,,,,,20,8,3000,535,273,,26000, 金属、 晶体、 重氢、分类:舰船、分类:已实装,|多义词=猎兵级-重型载机巡洋舰、猎兵级-重型火炮巡洋舰}} __NOTOC__ ==更新日志== ==系统== ==评测概述== ==相关图片== 牛蛙官方海报.png|官方海报 --> 分类:舰船分类:已实装 body{background:url('') no-repeat fixed 50% 0;background-size: cover;},2星,巡洋舰,安东尼奥斯财团,火炮,实弹,后排,常驻
诺玛M470级-防空护卫舰,,,,,,,,,6,10,200,2439,138,,2000, 金属、 晶体、 重氢、分类:舰船、分类:已实装,|多义词=诺玛M470级-重型登陆舰、诺玛M470级-支援护卫舰、诺玛M470级-防空护卫舰}} __NOTOC__ ==更新日志== ==系统== ==评测概述== ==相关图片== 牛蛙官方海报.png|官方海报 --> 分类:舰船分类:已实装 body{background:url('') no-repeat fixed 50% 0;background-size: cover;},2星,护卫舰,诺玛运输集团,飞行器,未定,后排,常驻
诺玛M470级-重型登陆舰,,,,,,,,,6,10,296,135,1650,,2200, 金属、 晶体、 重氢、分类:舰船、分类:已实装,|多义词=诺玛M470级-重型登陆舰、诺玛M470级-支援护卫舰、诺玛M470级-防空护卫舰}} __NOTOC__ ==更新日志== ==系统== ==评测概述== ==相关图片== 牛蛙官方海报.png|官方海报 --> 分类:舰船分类:已实装 body{background:url('') no-repeat fixed 50% 0;background-size: cover;},2星,护卫舰,诺玛运输集团,飞行器,未定,后排,常驻
枪骑兵级-区域防空驱逐舰,,,,,,,,,6,10,3360,1728,72,,9000, 金属、 晶体、 重氢、 比邻星币、 比邻星币、 比邻星币、 比邻星币、 比邻星币、 比邻星币、 比邻星币、 M系统、 默认技、 强化槽、 强化槽、 ,|多义词=枪骑兵级-轻型导弹驱逐舰、枪骑兵级-综合导弹驱逐舰、枪骑兵级-区域防空驱逐舰}} __NOTOC__ -枪骑兵驱逐舰档案*1=紫币*799 80px|link=| 加密技术档案2.0（快速）未央资助计划 *20px|link=| 快速：研究节点可以立刻研究完成加密技术档案2.0*19=合作开拓协议46级 *20px|link=| 快速：研究节点可以立刻研究完成加密技术档案2.0*20=战略合作开拓协议48级 80px|link=| 技术档案–安东尼奥斯45020px|link=| 比邻星币 *技术档案–安东尼奥斯*1=紫币*450 80px|link=| 加密技术档案（安东尼奥斯）1,2星,驱逐舰,安东尼奥斯财团,导弹,实弹,前排,常驻
光锥级-攻击导弹巡洋舰,,,,,,,,,20,8,19575,675,2002,,25000, 金属、 晶体、 重氢、分类:舰船、分类:已实装,|多义词=光锥级-综合导弹巡洋舰、光锥级-区域防空巡洋舰、光锥级-攻击导弹巡洋舰}} __NOTOC__ ==更新日志== ==系统== ==评测概述== ==相关图片== 牛蛙官方海报.png|官方海报 --> 分类:舰船分类:已实装 body{background:url('') no-repeat fixed 50% 0;background-size: cover;},2星,巡洋舰,诺玛运输集团,导弹,实弹,中排,常驻
奇美拉级-重型巡洋舰,,,,,,,,,18,8,14567,180,1893,,20000, 金属、 晶体、 重氢、分类:舰船、分类:已实装,|多义词=奇美拉级-重型巡洋舰、奇美拉级-火炮巡洋舰、奇美拉级-防御巡洋舰}} __NOTOC__ |10结构值= |10巅峰值=换行 --> |10奖励= |15结构值= |15巅峰值=换行 --> |15奖励= |20结构值= |20巅峰值=换行 --> |20奖励= |突破1=舰船结构值提升1225 换行-----> |未破3=舰船结构值提升2450 换行-----> |突破3=舰船结构值提升3670“龙骨结构增强”最大等级+1 换行-----> |未破5=舰船结构值提升“”最大等级+ 换行-----> |突破5=舰船结构值提升“”最大等级+ 换行-----> |未破8= 换行-----,2星,巡洋舰,诺玛运输集团,火炮,实弹,前排,常驻
B192新大地-重型攻击机,,,,,,,,,1,10,1284,1080,270,,, 金属、 晶体、 重氢、分类:舰船、分类:已实装,__NOTOC__ ==更新日志== ==系统== ==评测概述== ==相关图片== 牛蛙官方海报.png|官方海报 --> 分类:舰船分类:已实装 body{background:url('') no-repeat fixed 50% 0;background-size: cover;},2星,战机,其他,火炮,实弹,其他,常驻
云海级-轻型登陆舰,,,,,,,,,4,10,953,,1532,,1700, 金属、 晶体、 重氢、分类:舰船、分类:已实装,|多义词=云海级-轻型登陆舰、云海级-防空护卫舰}} __NOTOC__ ==更新日志== ==系统== ==评测概述== ==相关图片== 牛蛙官方海报.png|官方海报 --> 分类:舰船分类:已实装 body{background:url('') no-repeat fixed 50% 0;background-size: cover;},2星,护卫舰,木星工业集团,飞行器,未定,后排,常驻
谷神星级-载机驱逐舰,,,,,,,,,8,10,1500,216,252,,10000, 金属、 晶体、 重氢、分类:舰船、分类:已实装,"|多义词=谷神星级-载机驱逐舰、谷神星级-支援驱逐舰、谷神星级-战术驱逐舰}} __NOTOC__ __NOEDITSECTION__ ==系统== ==评测概述== 分类:舰船分类:已实装 body{background:url('') no-repeat fixed 50% 0;background-size: cover;} .mw-body-content h1 { font-family: Reeji-CloudSongDa-GB-Regular; font-size: 24px; color: rgba(0, 0, 0, 0.85); line-height: 32px; } .m",2星,驱逐舰,木星工业集团,飞行器,未定,后排,常驻
谷神星级-支援驱逐舰,,,,,,,,,8,10,1500,3096,252,,9000, 金属、 晶体、 重氢、分类:舰船、分类:已实装,"|多义词=谷神星级-载机驱逐舰、谷神星级-支援驱逐舰、谷神星级-战术驱逐舰}} __NOTOC__ __NOEDITSECTION__ ==系统== ==评测概述== 分类:舰船分类:已实装 body{background:url('') no-repeat fixed 50% 0;background-size: cover;} .mw-body-content h1 { font-family: Reeji-CloudSongDa-GB-Regular; font-size: 24px; color: rgba(0, 0, 0, 0.85); line-height: 32px; } .m",2星,驱逐舰,木星工业集团,火炮,实弹,后排,常驻
艾奥级-攻坚离子炮巡洋舰,,,,,,,,,18,8,28585,189,6057,,20000, 金属、 晶体、 重氢、分类:舰船、分类:已实装,|多义词=艾奥级-攻坚离子炮巡洋舰、艾奥级-高速离子炮巡洋舰、艾奥级-攻城离子炮巡洋舰}} __NOTOC__ ==更新日志== ==系统== ==评测概述== ==相关图片== 牛蛙官方海报.png|官方海报 --> 分类:舰船分类:已实装 body{background:url('') no-repeat fixed 50% 0;background-size: cover;},2星,巡洋舰,木星工业集团,离子炮,能量,前排,常驻
牛蛙型-两栖轰炸机,,,,,,,,,1,10,1920,,880,,, 金属、 晶体、 重氢、分类:舰船、分类:已实装,__NOTOC__ ==更新日志== ==系统== ==评测概述== ==相关图片== 牛蛙官方海报.png|官方海报 --> 分类:舰船分类:已实装 body{background:url('') no-repeat fixed 50% 0;background-size: cover;},2星,战机,其他,鱼雷,实弹,其他,常驻
CV-M011型-重型导弹艇,,,,,,,,,2,15,2187,837,240,,, 金属、 晶体、 重氢、分类:舰船、分类:已实装,|多义词=CV-M011型-重型导弹艇、CV-M011型-重炮艇、CV-M011型-高速导弹艇}} __NOTOC__ ==更新日志== ==系统== ==评测概述== ==相关图片== 牛蛙官方海报.png|官方海报 --> 分类:舰船分类:已实装 body{background:url('') no-repeat fixed 50% 0;background-size: cover;},2星,护航艇,其他,导弹,实弹,其他,常驻
猎兵级-重型火炮巡洋舰,,,,,,,,,18,8,11700,535,1803,,27000, 金属、 晶体、 重氢、分类:舰船、分类:已实装,|多义词=猎兵级-重型载机巡洋舰、猎兵级-重型火炮巡洋舰}} __NOTOC__ ==更新日志== ==系统== ==评测概述== ==相关图片== 牛蛙官方海报.png|官方海报 --> 分类:舰船分类:已实装 body{background:url('') no-repeat fixed 50% 0;background-size: cover;},2星,巡洋舰,安东尼奥斯财团,火炮,实弹,后排,常驻
RB7-13型-导弹艇,,,,,,,,,2,10,2520,360,184,,, 金属、 晶体、 重氢、分类:舰船、分类:已实装,|多义词=RB7-13型-导弹艇、RB7-13型-突防护航艇}} __NOTOC__ ==更新日志== ==系统== ==评测概述== ==相关图片== 牛蛙官方海报.png|官方海报 --> 分类:舰船分类:已实装 body{background:url('') no-repeat fixed 50% 0;background-size: cover;},2星,护航艇,其他,导弹,实弹,其他,常驻
卡利莱恩级-特种护卫舰,,,,,,,,,5,10,1125,534,315,,1200, 金属、 晶体、 重氢、巅峰之路、分类:舰船、分类:已实装,|多义词=卡利莱恩级-侦查护卫舰、卡利莱恩级-重炮护卫舰、卡利莱恩级-特种护卫舰}} __NOTOC__ |10结构值= |10巅峰值=换行 --> |10奖励= |15结构值= |15巅峰值=换行 --> |15奖励= |20结构值= |20巅峰值=换行 --> |20奖励=巅峰之路 |突破1= 换行-----> |未破3= 换行-----> |突破3=舰船结构值提升345“龙骨结构增强”最大等级+1 换行-----> |未破5=舰船结构值提升460“龙骨结构增强”最大等级+1 换行-----> |突破5= 换行-----> |未破8= 换行-----> |突破8= 换行-----> |未破,2星,护卫舰,安东尼奥斯财团,火炮,实弹,前排,常驻
诺玛M470级-支援护卫舰,,,,,,,,,6,10,200,135,138,,2200, 金属、 晶体、 重氢、分类:舰船、分类:已实装,|多义词=诺玛M470级-重型登陆舰、诺玛M470级-支援护卫舰、诺玛M470级-防空护卫舰}} __NOTOC__ ==更新日志== ==系统== ==评测概述== ==相关图片== 牛蛙官方海报.png|官方海报 --> 分类:舰船分类:已实装 body{background:url('') no-repeat fixed 50% 0;background-size: cover;},2星,护卫舰,诺玛运输集团,火炮,实弹,后排,常驻
卫士-支援驱逐舰,,,,,,,,,9,10,3054,4548,349,,10000, 金属、 晶体、 重氢、分类:舰船、分类:已实装,|多义词=卫士-支援驱逐舰、卫士-两栖突击舰、卫士-实验型脉冲突击舰}} __NOTOC__ ==更新日志== ==系统== ==评测概述== ==相关图片== 牛蛙官方海报.png|官方海报 --> 分类:舰船分类:已实装 body{background:url('') no-repeat fixed 50% 0;background-size: cover;},2星,驱逐舰,安东尼奥斯财团,导弹,实弹,中排,常驻
奇美拉级-火炮巡洋舰,,,,,,,,,20,8,17650,180,3342,,25000, 金属、 晶体、 重氢、分类:舰船、分类:已实装,|多义词=奇美拉级-重型巡洋舰、奇美拉级-火炮巡洋舰、奇美拉级-防御巡洋舰}} __NOTOC__ |10结构值= |10巅峰值=换行 --> |10奖励= |15结构值= |15巅峰值=换行 --> |15奖励= |20结构值= |20巅峰值=换行 --> |20奖励= |突破1=舰船结构值提升1225 换行-----> |未破3=舰船结构值提升2450 换行-----> |突破3=舰船结构值提升3670“龙骨结构增强”最大等级+1 换行-----> |未破5=舰船结构值提升“”最大等级+ 换行-----> |突破5=舰船结构值提升“”最大等级+ 换行-----> |未破8= 换行-----,2星,巡洋舰,诺玛运输集团,火炮,实弹,前排,常驻
狩猎者级-载机巡洋舰,,,,,,,,,18,8,3114,572,119,,26000, 金属、 晶体、 重氢、分类:舰船、分类:已实装,|多义词=狩猎者级-载机巡洋舰、狩猎者级-战术载机巡洋舰、狩猎者级-防空载机巡洋舰}} __NOTOC__ ==更新日志== ==系统== ==评测概述== ==相关图片== 牛蛙官方海报.png|官方海报 --> 分类:舰船分类:已实装 body{background:url('') no-repeat fixed 50% 0;background-size: cover;},2星,巡洋舰,安东尼奥斯财团,导弹,实弹,后排,常驻
孢子A404-轻型战斗机,,,,,,,,,1,10,135,1990,,,, 金属、 晶体、 重氢、分类:舰船、分类:已实装,__NOTOC__ ==更新日志== ==系统== ==评测概述== ==相关图片== 牛蛙官方海报.png|官方海报 --> 分类:舰船分类:已实装 body{background:url('') no-repeat fixed 50% 0;background-size: cover;},2星,战机,其他,火炮,实弹,其他,常驻
云海级-防空护卫舰,,,,,,,,,4,10,685,3008,,,1800, 金属、 晶体、 重氢、分类:舰船、分类:已实装,|多义词=云海级-轻型登陆舰、云海级-防空护卫舰}} __NOTOC__ ==更新日志== ==系统== ==评测概述== ==相关图片== 牛蛙官方海报.png|官方海报 --> 分类:舰船分类:已实装 body{background:url('') no-repeat fixed 50% 0;background-size: cover;},2星,护卫舰,木星工业集团,飞行器,实弹,中排,常驻
斗牛级-突击攻击舰,,,,,,,,,11,10,5700,1246,1350,,7500, 金属、 晶体、 重氢、巅峰之路、分类:舰船、分类:已实装,|多义词=斗牛级-脉冲炮驱逐舰、斗牛级-突击攻击舰、斗牛级-防御驱逐舰}} __NOTOC__ |10结构值= |10巅峰值=换行 --> |10奖励= |15结构值= |15巅峰值=换行 --> |15奖励= |20结构值= |20巅峰值=换行 --> |20奖励=巅峰之路 |突破1= 换行-----> |未破3= 换行-----> |突破3=“龙骨结构增强”最大等级+1 换行-----> |未破5= 换行-----> |突破5=舰船结构值提升2745曲率移动速度提升50“龙骨结构增强”最大等级+2 换行-----> |未破8= 换行-----> |突破8= 换行-----> |未破10= ,2星,驱逐舰,诺玛运输集团,脉冲炮,能量,前排,常驻
斗牛级-脉冲炮驱逐舰,,,,,,,,,11,10,5400,2215,294,,7000, 金属、 晶体、 重氢、巅峰之路、分类:舰船、分类:已实装,|多义词=斗牛级-脉冲炮驱逐舰、斗牛级-突击攻击舰、斗牛级-防御驱逐舰}} __NOTOC__ |10结构值=舰船结构值增加 |10巅峰值=换行 --> |10奖励= |15结构值=舰船结构值增加 |15巅峰值=换行 --> |15奖励= |20结构值=舰船结构值增加 |20巅峰值=换行 --> |20奖励=巅峰之路 |突破1=舰船结构值增加 换行-----> |未破3=舰船结构值增加 换行-----> |突破3=舰船结构值增加“龙骨结构增强”最大等级+1 换行-----> |未破5=舰船结构值提升“龙骨结构增强”最大等级+1 换行-----> |突破5=舰船结构值提升2745曲率速度+50“,2星,驱逐舰,诺玛运输集团,脉冲炮,能量,前排,常驻
艾奥级-攻城离子炮巡洋舰,,,,,,,,,18,8,23185,92,19065,,20000, 金属、 晶体、 重氢、分类:舰船、分类:已实装,|多义词=艾奥级-攻坚离子炮巡洋舰、艾奥级-高速离子炮巡洋舰、艾奥级-攻城离子炮巡洋舰}} __NOTOC__ ==更新日志== ==系统== ==评测概述== ==相关图片== 牛蛙官方海报.png|官方海报 --> 分类:舰船分类:已实装 body{background:url('') no-repeat fixed 50% 0;background-size: cover;},2星,巡洋舰,木星工业集团,离子炮,能量,前排,常驻
CAS066级-炮击巡洋舰,,,,,,,,,18,12,15103,378,6423,,25000, 金属、 晶体、 重氢、分类:舰船、分类:已实装,|多义词=CAS066级-通用巡洋舰、CAS066级-炮击巡洋舰、CAS066级-载机巡洋舰、CAS066级-支援巡洋舰}} __NOTOC__ ==更新日志== ==系统== ==评测概述== ==相关图片== 牛蛙官方海报.png|官方海报 --> 分类:舰船分类:已实装 body{background:url('') no-repeat fixed 50% 0;background-size: cover;},2星,巡洋舰,未央公约组织,轨道炮,实弹,中排,常驻
CV-M011型-重炮艇,,,,,,,,,2,15,2315,837,282,,, 金属、 晶体、 重氢、分类:舰船、分类:已实装,|多义词=CV-M011型-重型导弹艇、CV-M011型-重炮艇、CV-M011型-高速导弹艇}} __NOTOC__ ==更新日志== ==系统== ==评测概述== ==相关图片== 牛蛙官方海报.png|官方海报 --> 分类:舰船分类:已实装 body{background:url('') no-repeat fixed 50% 0;background-size: cover;},2星,护航艇,其他,火炮,实弹,其他,常驻
AC721-重型运载驱逐舰,,,,,,,,,8,15,1800,1298,408,,18000, 金属、 晶体、 重氢、分类:舰船、分类:已实装,"|多义词=AC721-重型运载驱逐舰、AC721-重型导弹驱逐舰、AC721-重型离子炮驱逐舰、AC721-重型两栖突击舰、AC720-艾格勒姆未名者}} __NOTOC__ ==系统== ==评测概述== 分类:舰船分类:已实装 body{background:url('') no-repeat fixed 50% 0;background-size: cover;} .mw-body-content h1 { font-family: Reeji-CloudSongDa-GB-Regular; font-size: 24px; color: rgba(0, 0, 0, 0.85); lin",2星,驱逐舰,未央公约组织,火炮,实弹,中排,常驻
蜂巢守卫者-重型鱼雷艇,,,,,,,,,2,10,4740,1159,1656,,, 金属、 晶体、 重氢、分类:舰船、分类:已实装,__NOTOC__ ==更新日志== ==系统== ==评测概述== ==相关图片== 牛蛙官方海报.png|官方海报 --> 分类:舰船分类:已实装 body{background:url('') no-repeat fixed 50% 0;background-size: cover;},2星,护航艇,其他,鱼雷,实弹,其他,常驻
澄海级-导弹护卫舰,,,,,,,,,5,10,2300,374,298,,1800, 金属、 晶体、 重氢、分类:舰船、分类:已实装,|多义词=澄海级-重型护卫舰、澄海级-导弹护卫舰、澄海级-防空护卫舰}} __NOTOC__ ==更新日志== ==系统== ==评测概述== ==相关图片== 牛蛙官方海报.png|官方海报 --> 分类:舰船分类:已实装 body{background:url('') no-repeat fixed 50% 0;background-size: cover;},2星,护卫舰,木星工业集团,导弹,实弹,后排,常驻
卫士-两栖突击舰,,,,,,,,,14,10,3054,2244,349,,9500, 金属、 晶体、 重氢、分类:舰船、分类:已实装,|多义词=卫士-支援驱逐舰、卫士-两栖突击舰、卫士-实验型脉冲突击舰}} __NOTOC__ ==更新日志== ==系统== ==评测概述== ==相关图片== 牛蛙官方海报.png|官方海报 --> 分类:舰船分类:已实装 body{background:url('') no-repeat fixed 50% 0;background-size: cover;},2星,驱逐舰,安东尼奥斯财团,导弹,实弹,后排,常驻
奇美拉级-防御巡洋舰,,,,,,,,,20,8,10914,,2415,,25000, 金属、 晶体、 重氢、分类:舰船、分类:已实装,|多义词=奇美拉级-重型巡洋舰、奇美拉级-火炮巡洋舰、奇美拉级-防御巡洋舰}} __NOTOC__ |10结构值= |10巅峰值=换行 --> |10奖励= |15结构值= |15巅峰值=换行 --> |15奖励= |20结构值= |20巅峰值=换行 --> |20奖励= |突破1=舰船结构值提升1225 换行-----> |未破3=舰船结构值提升2450 换行-----> |突破3=舰船结构值提升3670“龙骨结构增强”最大等级+1 换行-----> |未破5=舰船结构值提升“”最大等级+ 换行-----> |突破5=舰船结构值提升“”最大等级+ 换行-----> |未破8= 换行-----,2星,巡洋舰,诺玛运输集团,火炮,实弹,中排,常驻
刺鳐-鱼雷轰炸机,,,,,,,,,1,10,3120,,992,,, 金属、 晶体、 重氢、分类:舰船、分类:已实装,__NOTOC__ ==更新日志== ==系统== ==评测概述== ==相关图片== 牛蛙官方海报.png|官方海报 --> 分类:舰船分类:已实装 body{background:url('') no-repeat fixed 50% 0;background-size: cover;},2星,战机,其他,鱼雷,实弹,其他,常驻
刺水母级-战术护卫舰,,,,,,11890,800,240,8,10,5840,162,1148,,1200,特种型、防空型、登陆型、巅峰之路、加密技术档案-诺玛运输、加密技术档案2.0-诺玛运输、link=、综合蓝图档案2.0、link=、舰船及载机蓝图档案、舰船及载机蓝图档案2.0、加密技术档案（快速）、加密技术档案2.0（快速）、精选档案-诺玛运输I型、link=,__NOTOC__ __NOEDITSECTION__ |对空扩展1=/ |攻城扩展1= |结构扩展1= （+526） |抵抗扩展1=/ |对舰扩展2= （+36） （+280） |对空扩展2= （+8） |攻城扩展2= （+1） （+56） |结构扩展2= （+526） |抵抗扩展2=/ }} |5奖励1=曲率移动速度提升50 “龙骨结构增强”最大等级+2 |5奖励2= |10奖励1= |10奖励2= |15奖励1= |15奖励2= |20奖励1= |20奖励2=巅峰之路 |突破1= |未破5=舰船结构值+580 |突破5=舰船结构值+805 |未破10= |突破10= |未破15= |突破,2星,护卫舰,诺玛运输集团,飞行器,能量,后排,常驻
斗牛级-防御驱逐舰,,,,,,32660,2690,520,8,10,4200,3118,294,,7000,巅峰之路、分类:舰船、分类:已实装,"__NOTOC__ == == |稀有度=2 |所属=诺玛运输集团 |前身= |介绍=利用强大防御力，在前排形成反导屏障，可以同时打击敌方舰船和拦截来袭战机和导弹。 |攻击属性=能量 |武器类型=脉冲炮 |武器定位=直射 |舰船站位=前排 |TAG=防空协助,精密射击,护盾穿透,拦截,反击防空 |限定=否 |实装日期=2021年8月18日 }} ==基础面板== |理论结构极值= |满抵抗= |满护盾= |满巡航= |满曲率= |满金属= |满晶体= |满重氢= |满时间= |满仓储=7000 |满对舰备注= |理论对舰备注= |满对空备注= |理论对空备注= |满攻城备注= |理论攻城备注=",2星,驱逐舰,诺玛运输集团,脉冲炮,能量,前排,常驻
苔原级-战术驱逐舰,,,,,,,,,9,10,1350,6093,157,,10000, 金属、 晶体、 重氢、分类:舰船、分类:已实装,|多义词=苔原级-战术驱逐舰、苔原级-载机驱逐舰}} __NOTOC__ ==更新日志== ==系统== ==评测概述== ==相关图片== 牛蛙官方海报.png|官方海报 --> 分类:舰船分类:已实装 body{background:url('') no-repeat fixed 50% 0;background-size: cover;},2星,驱逐舰,诺玛运输集团,飞行器,实弹,后排,常驻
卡利斯托-集束鱼雷袭击舰,,,,,,,,,20,8,18883,246,5289,,21000, 金属、 晶体、 重氢、分类:舰船、分类:已实装,|多义词=卡利斯托-集束鱼雷袭击舰、卡利斯托-重型鱼雷袭击舰、卡利斯托-重型无人机巡洋舰}} __NOTOC__ ==更新日志== ==系统== ==评测概述== ==相关图片== 牛蛙官方海报.png|官方海报 --> 分类:舰船分类:已实装 body{background:url('') no-repeat fixed 50% 0;background-size: cover;},2星,巡洋舰,木星工业集团,鱼雷,实弹,后排,常驻
艾奥级-高速离子炮巡洋舰,,,,,,,,,18,8,27340,189,1926,,20000, 金属、 晶体、 重氢、分类:舰船、分类:已实装,|多义词=艾奥级-攻坚离子炮巡洋舰、艾奥级-高速离子炮巡洋舰、艾奥级-攻城离子炮巡洋舰}} __NOTOC__ ==更新日志== ==系统== ==评测概述== ==相关图片== 牛蛙官方海报.png|官方海报 --> 分类:舰船分类:已实装 body{background:url('') no-repeat fixed 50% 0;background-size: cover;},2星,巡洋舰,木星工业集团,离子炮,能量,前排,常驻
平衡安德森SC020-侦察机,,,,,,,,,1,10,150,860,,,, 金属、 晶体、 重氢、分类:舰船、分类:已实装,__NOTOC__ ==更新日志== ==系统== ==评测概述== ==相关图片== 牛蛙官方海报.png|官方海报 --> 分类:舰船分类:已实装 body{background:url('') no-repeat fixed 50% 0;background-size: cover;},2星,战机,其他,火炮,实弹,其他,常驻
AC721-重型两栖突击舰,,,,,,,,,12,15,1200,322,181,,11500, 金属、 晶体、 重氢、分类:舰船、分类:已实装,"|多义词=AC721-重型运载驱逐舰、AC721-重型导弹驱逐舰、AC721-重型离子炮驱逐舰、AC721-重型两栖突击舰、AC720-艾格勒姆未名者}} __NOTOC__ ==系统== ==评测概述== 分类:舰船分类:已实装 body{background:url('') no-repeat fixed 50% 0;background-size: cover;} .mw-body-content h1 { font-family: Reeji-CloudSongDa-GB-Regular; font-size: 24px; color: rgba(0, 0, 0, 0.85); lin",2星,驱逐舰,未央公约组织,飞行器,未定,后排,常驻
AC721-重型导弹驱逐舰,,,,,,25280,2570,760,8,15,3300,1462,345,,13000,link=、通用技术档案、link=、通用技术档案2.0、加密技术档案-未央综合、加密技术档案2.0-未央综合、link=、综合蓝图档案2.0、link=、舰船及载机蓝图档案、舰船及载机蓝图档案2.0、加密技术档案（快速）、加密技术档案2.0（快速）、加密技术档案2.0（双子节）、加密技术档案（私掠者战利品）,|多义词=AC721-重型运载驱逐舰、AC721-重型导弹驱逐舰、AC721-重型离子炮驱逐舰、AC721-重型两栖突击舰、AC720-艾格勒姆未名者}} __NOTOC__ __NOEDITSECTION__ |理论结构极值= |满抵抗= |满巡航= |满曲率= |满金属= |满晶体= |满重氢= |满时间= |满仓储= |满对舰备注= |理论对舰备注= |满对空备注= |理论对空备注= |满攻城备注= |理论攻城备注= |满结构备注= |理论结构备注= |满抵抗备注= |满巡航备注= |满曲率备注= |满时间备注= |满仓储备注= |对舰扩展1=/ |对空扩展1=/ |攻城扩展1=/ |结,2星,驱逐舰,未央公约组织,导弹,实弹,后排,常驻
卫士-实验型脉冲突击舰,,,,,,,,,9,10,5400,900,348,,8500, 金属、 晶体、 重氢、分类:舰船、分类:已实装,|多义词=卫士-支援驱逐舰、卫士-两栖突击舰、卫士-实验型脉冲突击舰}} __NOTOC__ ==更新日志== ==系统== ==评测概述== ==相关图片== 牛蛙官方海报.png|官方海报 --> 分类:舰船分类:已实装 body{background:url('') no-repeat fixed 50% 0;background-size: cover;},2星,驱逐舰,安东尼奥斯财团,脉冲炮,能量,前排,常驻
星云追逐者-重型护航艇,,,,,,,,,2,10,2400,547,588,,, 金属、 晶体、 重氢、分类:舰船、分类:已实装,|多义词=星云追逐者-重型护航艇、星云追逐者-脉冲炮艇}} __NOTOC__ ==更新日志== ==系统== ==评测概述== ==相关图片== 牛蛙官方海报.png|官方海报 --> 分类:舰船分类:已实装 body{background:url('') no-repeat fixed 50% 0;background-size: cover;},2星,护航艇,其他,火炮,实弹,其他,常驻
澄海级-防空护卫舰,,,,,,,,,5,10,780,1814,,,2200, 金属、 晶体、 重氢、分类:舰船、分类:已实装,|多义词=澄海级-重型护卫舰、澄海级-导弹护卫舰、澄海级-防空护卫舰}} __NOTOC__ ==更新日志== ==系统== ==评测概述== ==相关图片== 牛蛙官方海报.png|官方海报 --> 分类:舰船分类:已实装 body{background:url('') no-repeat fixed 50% 0;background-size: cover;},2星,护卫舰,木星工业集团,导弹,实弹,后排,常驻
KCCPV2.0-轻型轨道炮巡洋舰,,,,,,,,,16,12,9604,1020,3632,,25000, 金属、 晶体、 重氢、分类:舰船、分类:已实装,|多义词=KCCPV2.0-轻型攻击巡洋舰、KCCPV2.0-轻型脉冲攻击巡洋舰、KCCPV2.0-轻型轨道炮巡洋舰、KCCPV2.0-轻型载机巡洋舰}} __NOTOC__ ==更新日志== ==系统== ==评测概述== ==相关图片== 牛蛙官方海报.png|官方海报 --> 分类:舰船分类:已实装 body{background:url('') no-repeat fixed 50% 0;background-size: cover;},2星,巡洋舰,未央公约组织,轨道炮,实弹,中排,常驻
狩猎者级-战术载机巡洋舰,,,,,,,,,18,8,600,216,60,,25000, 金属、 晶体、 重氢、分类:舰船、分类:已实装,|多义词=狩猎者级-载机巡洋舰、狩猎者级-战术载机巡洋舰、狩猎者级-防空载机巡洋舰}} __NOTOC__ ==更新日志== ==系统== ==评测概述== ==相关图片== 牛蛙官方海报.png|官方海报 --> 分类:舰船分类:已实装 body{background:url('') no-repeat fixed 50% 0;background-size: cover;},2星,巡洋舰,安东尼奥斯财团,飞行器,未定,后排,常驻
佩刀Aer410-强击攻击机,,,,,,,,,1,10,1416,1194,246,,, 金属、 晶体、 重氢、分类:舰船、分类:已实装,__NOTOC__ ==更新日志== ==系统== ==评测概述== ==相关图片== 牛蛙官方海报.png|官方海报 --> 分类:舰船分类:已实装 body{background:url('') no-repeat fixed 50% 0;background-size: cover;},2星,战机,其他,导弹,实弹,其他,常驻
刺水母级-防御护卫舰,13057,,,,,10300,650,270,6,10,240,2502,28,,1200,巅峰之路、分类:舰船、分类:已实装,"__NOTOC__ == == |英文名称=XenoStinger - Anti-Aircraft Frigate |稀有度=2 |所属=诺玛运输集团 |介绍=配备了“毒刺”防卫无人机系统，可以针对己方空域内的战机进行有效拦截，搭载的无人机均配备小型的等离子防空武器。 |攻击属性=能量 |武器类型=飞行器 |武器定位=特殊 |舰船站位=后排 |TAG=重点出击,防空支援 |限定=否 |旗舰=舰队集火 |实装日期=2021年8月18日 }} ==基础面板== |理论结构极值= |满抵抗=11 |满巡航=1040 |满曲率=4600 |满金属=11597 |满晶体=731 |满重氢=304 |满时",2星,护卫舰,诺玛运输集团,飞行器,能量,后排,常驻
红宝石级-重型轨道炮护卫舰,,,,,,,,,5,10,3172,216,658,,1200, 金属、 晶体、 重氢、分类:舰船、分类:已实装,|多义词=红宝石级-重型轨道炮护卫舰、红宝石级-实验型离子炮护卫舰、红宝石级-重型防御护卫舰}} __NOTOC__ ==更新日志== ==系统== ==评测概述== ==相关图片== 牛蛙官方海报.png|官方海报 --> 分类:舰船分类:已实装 body{background:url('') no-repeat fixed 50% 0;background-size: cover;},2星,护卫舰,诺玛运输集团,轨道炮,实弹,中排,常驻
苔原级-载机驱逐舰,,,,,,,,,9,10,2022,1485,322,,10000, 金属、 晶体、 重氢、分类:舰船、分类:已实装,|多义词=苔原级-战术驱逐舰、苔原级-载机驱逐舰}} __NOTOC__ ==更新日志== ==系统== ==评测概述== ==相关图片== 牛蛙官方海报.png|官方海报 --> 分类:舰船分类:已实装 body{background:url('') no-repeat fixed 50% 0;background-size: cover;},2星,驱逐舰,诺玛运输集团,飞行器,未定,后排,常驻
枪骑兵级-轻型导弹驱逐舰,,,,,,,,,6,10,4472,630,1367,,8500, 金属、 晶体、 重氢、 比邻星币、 比邻星币、 比邻星币、 比邻星币、 比邻星币、 比邻星币、 比邻星币、 M系统、 默认技、 强化槽、 策略技、 A系统,|多义词=枪骑兵级-轻型导弹驱逐舰、枪骑兵级-综合导弹驱逐舰、枪骑兵级-区域防空驱逐舰}} __NOTOC__ |类型=驱逐舰 |来源= 80px|link=| 联合技术公司档案79920px|link=| 比邻星币&nbsp;50px|link=| 特别礼包：终身限购1次 * -枪骑兵驱逐舰档案*1=紫币*799 80px|link=| 加密技术档案2.0（快速）未央资助计划 *20px|link=| 快速：研究节点可以立刻研究完成加密技术档案2.0*19=合作开拓协议46级 *20px|link=| 快速：研究节点可以立刻研究完成加密技术档案2.0*20=战略合作开拓协议48级 80px|,2星,驱逐舰,安东尼奥斯财团,导弹,实弹,中排,常驻
卡利斯托-重型无人机巡洋舰,,,,,,,,,20,8,13303,4817,3681,,25000, 金属、 晶体、 重氢、分类:舰船、分类:已实装,|多义词=卡利斯托-集束鱼雷袭击舰、卡利斯托-重型鱼雷袭击舰、卡利斯托-重型无人机巡洋舰}} __NOTOC__ ==更新日志== ==系统== ==评测概述== ==相关图片== 牛蛙官方海报.png|官方海报 --> 分类:舰船分类:已实装 body{background:url('') no-repeat fixed 50% 0;background-size: cover;},2星,巡洋舰,木星工业集团,鱼雷,实弹,后排,常驻
卡利斯托-重型鱼雷袭击舰,,,,,,,,,20,8,21950,126,4543,,21000, 金属、 晶体、 重氢、分类:舰船、分类:已实装,|多义词=卡利斯托-集束鱼雷袭击舰、卡利斯托-重型鱼雷袭击舰、卡利斯托-重型无人机巡洋舰}} __NOTOC__ ==更新日志== ==系统== ==评测概述== ==相关图片== 牛蛙官方海报.png|官方海报 --> 分类:舰船分类:已实装 body{background:url('') no-repeat fixed 50% 0;background-size: cover;},2星,巡洋舰,木星工业集团,鱼雷,实弹,后排,常驻
静海级-脉冲炮护卫舰,,,,,,,,,4,10,1125,2112,148,,1500, 金属、 晶体、 重氢、分类:舰船、分类:已实装,|多义词=静海级-导弹护卫舰、静海级-脉冲炮护卫舰、静海级-拦截护卫舰}} __NOTOC__ ==更新日志== ==系统== ==评测概述== ==相关图片== 牛蛙官方海报.png|官方海报 --> 分类:舰船分类:已实装 body{background:url('') no-repeat fixed 50% 0;background-size: cover;},2星,护卫舰,木星工业集团,脉冲炮,能量,中排,常驻
AC721-TE-重型离子炮驱逐舰,,,,,,,,,12,15,5250,138,1155,,8000, 金属、 晶体、 重氢、分类:舰船、分类:已实装,__NOTOC__ ，一般在6级以上空间站中出现 ※星系救援协议：占领部分6级工厂可产出实体舰船； |评价= }} ==更新日志== ==系统== ==评测概述== ※[https://www.bilibili.com/video/BV1Xb4y1B7mQ/?spm_id_from=333.337.search-card.all.click&vd_source=e036741dc2aa8e26eca5fc031e5a3580 白嫖神船 最强的能量对接蓝图] 30px|link=https://ds.163.com/user/c2aa684b8adf41098477a0841f638a31/ 绝,2星,驱逐舰,未央公约组织,离子炮,能量,中排,限定
阋神星I级-重炮驱逐舰,,,,,,23980,2830,350,9,10,4963,720,1239,,8500,巅峰之路、分类:舰船、分类:已实装,__NOTOC__ == == ==基础面板== |理论结构极值= |满抵抗= |满护盾= |满巡航= |满曲率= |满金属= |满晶体= |满重氢= |满时间= |满仓储= |满对舰备注= |理论对舰备注= |满对空备注= |理论对空备注= |满攻城备注= |理论攻城备注= |满结构备注= |理论结构备注= |满抵抗备注= |满护盾备注= |满巡航备注= |满曲率备注= |满时间备注= |满仓储备注= |对舰扩展1= |对空扩展1=/ |攻城扩展1= |结构扩展1= |抵抗扩展1=/ |护盾扩展1=/ |对舰扩展2= |对空扩展2= |攻城扩展2= |结构扩展2= |抵抗扩展2=/ |护盾扩,2星,驱逐舰,木星工业集团,火炮,实弹,前排,常驻
AC721-重型离子炮驱逐舰,,,,,,,,,12,15,,578,,,8000, 金属、 晶体、 重氢、巅峰之路、分类:舰船、分类:已实装,|多义词=AC721-重型运载驱逐舰、AC721-重型导弹驱逐舰、AC721-重型离子炮驱逐舰、AC721-重型两栖突击舰、AC720-艾格勒姆未名者}} __NOTOC__ |多义词=AC721-重型离子炮驱逐舰、AC721-TE-重型离子炮驱逐舰}} |对空=578 |攻城= |结构=34140 |抵抗=20 |护盾=2.0% |巡航=750 |曲率=3750 |成本=2178020px|link=| 金属&nbsp;313020px|link=| 晶体&nbsp;60020px|link=| 重氢 |时间=01:02:50 |仓储=8000 |维修=543.0/分钟 |满对舰= |理论对,2星,驱逐舰,未央公约组织,离子炮,能量,中排,限定
SC002型-量子侦察机,,,,,,,,,1,15,700,700,,,, 金属、 晶体、 重氢、分类:舰船、分类:已实装,__NOTOC__ ==更新日志== ==系统== ==评测概述== ==相关图片== 牛蛙官方海报.png|官方海报 --> 分类:舰船分类:已实装 body{background:url('') no-repeat fixed 50% 0;background-size: cover;},2星,战机,其他,火炮,实弹,其他,常驻
星云追逐者-脉冲炮艇,,,,,,4720,410,140,,10,3200,1920,64,,,巅峰之路、分类:舰船、分类:已实装,"__NOTOC__ == == |英文名称=Nebula Chaser - Pulsar Corvette |稀有度=2 |所属=安东尼奥斯财团 |前身= |介绍=装备了试验性蓄能脉冲炮，在艇身上安装了一门短距离蓄能脉冲炮，利用炮艇的灵活性，能够在近距离构成有效伤害。 |攻击属性=能量 |武器类型=脉冲炮 |武器定位=无 |舰船站位=其他 |TAG=快速输出,反击防空,独立作战 |限定=否 |实装日期=2021年8月18日 }} ==基础面板== |理论结构极值= |满抵抗= |满护盾= |满巡航= |满金属= |满晶体= |满重氢= |满时间= |满对舰备注= |理论对舰备注= |满对空备注",2星,护航艇,其他,脉冲炮,能量,其他,无
雷里亚特级-战术鱼雷护卫舰,,,,,,,,,4,10,3088,162,874,,1800, 金属、 晶体、 重氢、分类:舰船、分类:已实装,|多义词=雷里亚特级-快速鱼雷护卫舰、雷里亚特级-战术鱼雷护卫舰、雷里亚特级-隐身护卫舰}} __NOTOC__ ==更新日志== ==系统== ==评测概述== ==相关图片== 牛蛙官方海报.png|官方海报 --> 分类:舰船分类:已实装 body{background:url('') no-repeat fixed 50% 0;background-size: cover;},2星,护卫舰,安东尼奥斯财团,鱼雷,能量,中排,常驻
澄海级-重型护卫舰,,,,,,,,,5,10,3385,374,951,,2000, 金属、 晶体、 重氢、分类:舰船、分类:已实装,|多义词=澄海级-重型护卫舰、澄海级-导弹护卫舰、澄海级-防空护卫舰}} __NOTOC__ ==更新日志== ==系统== ==评测概述== ==相关图片== 牛蛙官方海报.png|官方海报 --> 分类:舰船分类:已实装 body{background:url('') no-repeat fixed 50% 0;background-size: cover;},2星,护卫舰,木星工业集团,鱼雷,实弹,后排,常驻
狩猎者级-防空载机巡洋舰,,,,,,,,,18,8,600,1988,60,,27000, 金属、 晶体、 重氢、分类:舰船、分类:已实装,|多义词=狩猎者级-载机巡洋舰、狩猎者级-战术载机巡洋舰、狩猎者级-防空载机巡洋舰}} __NOTOC__ ==更新日志== ==系统== ==评测概述== ==相关图片== 牛蛙官方海报.png|官方海报 --> 分类:舰船分类:已实装 body{background:url('') no-repeat fixed 50% 0;background-size: cover;},2星,巡洋舰,安东尼奥斯财团,导弹,实弹,后排,常驻
鳐-装甲护航艇,,,,,,,,,2,10,1800,,630,,, 金属、 晶体、 重氢、分类:舰船、分类:已实装,|多义词=鳐-装甲护航艇、鳐-特种护航艇}} __NOTOC__ ==更新日志== ==系统== ==评测概述== ==相关图片== 牛蛙官方海报.png|官方海报 --> 分类:舰船分类:已实装,2星,护航艇,其他,火炮,实弹,其他,常驻
红宝石级-重型防御护卫舰,,,,,,,,,5,10,1632,,656,,1400, 金属、 晶体、 重氢、分类:舰船、分类:已实装,|多义词=红宝石级-重型轨道炮护卫舰、红宝石级-实验型离子炮护卫舰、红宝石级-重型防御护卫舰}} __NOTOC__ ==更新日志== ==系统== ==评测概述== ==相关图片== 牛蛙官方海报.png|官方海报 --> 分类:舰船分类:已实装 body{background:url('') no-repeat fixed 50% 0;background-size: cover;},2星,护卫舰,诺玛运输集团,鱼雷,实弹,前排,常驻
红宝石级-实验型离子炮护卫舰,,,,,,,,,8,10,4125,931,618,,1000, 金属、 晶体、 重氢、分类:舰船、分类:已实装,|多义词=红宝石级-重型轨道炮护卫舰、红宝石级-实验型离子炮护卫舰、红宝石级-重型防御护卫舰}} __NOTOC__ ==更新日志== ==系统== ==评测概述== ==相关图片== 牛蛙官方海报.png|官方海报 --> 分类:舰船分类:已实装 body{background:url('') no-repeat fixed 50% 0;background-size: cover;},2星,护卫舰,诺玛运输集团,离子炮,能量,中排,常驻
枪骑兵级-综合导弹驱逐舰,,,,,,,,,6,10,4100,1012,366,,8500, 金属、 晶体、 重氢、 比邻星币、 比邻星币、 比邻星币、 比邻星币、 比邻星币、 比邻星币、 比邻星币、 M系统、 暴击、 默认技、 强化槽、 策略技,|多义词=枪骑兵级-轻型导弹驱逐舰、枪骑兵级-综合导弹驱逐舰、枪骑兵级-区域防空驱逐舰}} __NOTOC__ |类型=驱逐舰 |来源= 80px|link=| 联合技术公司档案79920px|link=| 比邻星币&nbsp;50px|link=| 特别礼包：终身限购1次 * -枪骑兵驱逐舰档案*1=紫币*799 80px|link=| 加密技术档案2.0（快速）未央资助计划 *20px|link=| 快速：研究节点可以立刻研究完成加密技术档案2.0*19=合作开拓协议46级 *20px|link=| 快速：研究节点可以立刻研究完成加密技术档案2.0*20=战略合作开拓协议48级 80px|,2星,驱逐舰,安东尼奥斯财团,导弹,实弹,后排,常驻
光锥级-区域防空巡洋舰,,,,,,,,,20,8,7875,8572,780,,26000, 金属、 晶体、 重氢、分类:舰船、分类:已实装,|多义词=光锥级-综合导弹巡洋舰、光锥级-区域防空巡洋舰、光锥级-攻击导弹巡洋舰}} __NOTOC__ ==更新日志== ==系统== ==评测概述== ==相关图片== 牛蛙官方海报.png|官方海报 --> 分类:舰船分类:已实装 body{background:url('') no-repeat fixed 50% 0;background-size: cover;},2星,巡洋舰,诺玛运输集团,导弹,实弹,中排,常驻
光锥级-综合导弹巡洋舰,,,,,,,,,20,8,16521,7502,1492,,26000, 金属、 晶体、 重氢、分类:舰船、分类:已实装,|多义词=光锥级-综合导弹巡洋舰、光锥级-区域防空巡洋舰、光锥级-攻击导弹巡洋舰}} __NOTOC__ ==更新日志== ==系统== ==评测概述== ==相关图片== 牛蛙官方海报.png|官方海报 --> 分类:舰船分类:已实装 body{background:url('') no-repeat fixed 50% 0;background-size: cover;},2星,巡洋舰,诺玛运输集团,导弹,实弹,中排,常驻
静海级-拦截护卫舰,,,,,,,,,4,10,535,2306,120,,2000, 金属、 晶体、 重氢、分类:舰船、分类:已实装,|多义词=静海级-导弹护卫舰、静海级-脉冲炮护卫舰、静海级-拦截护卫舰}} __NOTOC__ ==更新日志== ==系统== ==评测概述== ==相关图片== 牛蛙官方海报.png|官方海报 --> 分类:舰船分类:已实装 body{background:url('') no-repeat fixed 50% 0;background-size: cover;},2星,护卫舰,木星工业集团,导弹,实弹,中排,常驻
静海级-导弹护卫舰,,,,,,,,,4,10,2153,1996,364,,1800, 金属、 晶体、 重氢、分类:舰船、分类:已实装,|多义词=静海级-导弹护卫舰、静海级-脉冲炮护卫舰、静海级-拦截护卫舰}} __NOTOC__ ==更新日志== ==系统== ==评测概述== ==相关图片== 牛蛙官方海报.png|官方海报 --> 分类:舰船分类:已实装 body{background:url('') no-repeat fixed 50% 0;background-size: cover;},2星,护卫舰,木星工业集团,导弹,实弹,中排,常驻
阋神星I级-机动突击驱逐舰,,,,,,22670,2150,500,7,10,4500,1440,350,,9000,巅峰之路、分类:舰船、分类:已实装,"__NOTOC__ == == 神星I级-机动突击驱逐舰 |称号= |英文名称=Eris I - Maneuver Assault Destroyer |稀有度=2 |所属=木星工业集团 |前身= |介绍=为其专门定制的“阋神”火炮系统，能够适用对舰、防空等通用任务，配合其高速巡航的特性，通常用于快速反应和机动。由于结构简单，生产成本也较为低廉。 |攻击属性=实弹 |武器类型=火炮 |武器定位=直射 |舰船站位=前排 |TAG=火炮集火,机动规避,拦截,反击防空 |旗舰=谨慎预警,舰队集火 |限定=否 |实装日期=2021年08月18日 }} == 基础面板 == |理论结构极值= |满抵抗=",2星,驱逐舰,木星工业集团,火炮,实弹,前排,常驻
阋神星I级-装甲驱逐舰,,,,,,,,,7,10,4500,1440,350,,9500, 金属、 晶体、 重氢、分类:舰船、分类:已实装,"|多义词=阋神星I级-机动突击驱逐舰、阋神星I级-重炮驱逐舰、阋神星I级-装甲驱逐舰}} __NOTOC__ ==系统== ==评测概述== 分类:舰船分类:已实装 body{background:url('') no-repeat fixed 50% 0;background-size: cover;} .mw-body-content h1 { font-family: Reeji-CloudSongDa-GB-Regular; font-size: 24px; color: rgba(0, 0, 0, 0.85); line-height: 32px; } .mw-body-conten",2星,驱逐舰,木星工业集团,火炮,实弹,前排,常驻
谷神星级-战术驱逐舰,,,,,,,,,8,10,1500,216,252,,9000, 金属、 晶体、 重氢、分类:舰船、分类:已实装,"|多义词=谷神星级-载机驱逐舰、谷神星级-支援驱逐舰、谷神星级-战术驱逐舰}} __NOTOC__ __NOEDITSECTION__ ==系统== ==评测概述== 分类:舰船分类:已实装 body{background:url('') no-repeat fixed 50% 0;background-size: cover;} .mw-body-content h1 { font-family: Reeji-CloudSongDa-GB-Regular; font-size: 24px; color: rgba(0, 0, 0, 0.85); line-height: 32px; } .m",2星,驱逐舰,木星工业集团,火炮,实弹,后排,常驻
愤怒级-TE-快速护卫舰,,,,,,,,,5,10,3150,776,333,,2500, 金属、 晶体、 重氢、分类:舰船、分类:已实装,__NOTOC__ ==更新日志== ==系统== ==相关图片== 牛蛙官方海报.png|官方海报 --> 分类:舰船分类:已实装 body{background:url('') no-repeat fixed 50% 0;background-size: cover;},3星,护卫舰,神圣群星帝国,火炮,实弹,中排,常驻
创神星级-鱼雷驱逐舰,,,,,,,,,6,10,5309,1362,381,,8500, 金属、 晶体、 重氢、分类:舰船、分类:已实装,"|多义词=创神星级-轨道炮驱逐舰、创神星级-鱼雷驱逐舰}} __NOTOC__ __NOEDITSECTION__ ==系统== ==评测概述== 分类:舰船分类:已实装 body{background:url('') no-repeat fixed 50% 0;background-size: cover;} .mw-body-content h1 { font-family: Reeji-CloudSongDa-GB-Regular; font-size: 24px; color: rgba(0, 0, 0, 0.85); line-height: 32px; } .mw-body-con",3星,驱逐舰,木星工业集团,鱼雷,实弹,中排,限定
严酷级-TE-攻坚护卫舰,,,,,,,,,5,10,3150,135,2017,,2500, 金属、 晶体、 重氢、分类:舰船、分类:已实装,"__NOTOC__ &nbsp;/&nbsp;特种 |类型=护卫舰 |来源=可在联络站购买实体舰船 |评价=emmm,用它打架可能不如用诺玛M470......或许新手期可以用用？ }} ==更新日志== ==系统== ==评测概述== ==相关图片== 牛蛙官方海报.png|官方海报 --> 分类:舰船分类:已实装 body{background:url('') no-repeat fixed 50% 0;background-size: cover;}",3星,护卫舰,神圣群星帝国,轨道炮,实弹,中排,常驻
愤怒级-TE-鱼雷护卫舰,,,,,,,,,5,10,4830,225,762,,2200, 金属、 晶体、 重氢、分类:舰船、分类:已实装,__NOTOC__ ==更新日志== ==系统== ==相关图片== 牛蛙官方海报.png|官方海报 --> 分类:舰船分类:已实装 body{background:url('') no-repeat fixed 50% 0;background-size: cover;},3星,护卫舰,神圣群星帝国,鱼雷,实弹,中排,常驻
CV-T800型-脉冲炮艇,,,,,,4800,280,60,,15,2400,1920,48,,,巅峰之路、分类:舰船、分类:已实装,"__NOTOC__ == == |英文名称=CV-T800 - Pulsar Corvette |稀有度=3 |所属=未央公约组织 |前身= |介绍=轻型脉冲炮艇，能够灵活地在战场中穿梭，拥有一门机载脉冲炮塔，能够对来袭的战机实时精确打击。 |攻击属性=能量 |武器类型=脉冲炮 |武器定位=无 |舰船站位=其他 |TAG=快速输出,主动防空,独立作战 |限定=是 |实装日期=2021年8月18日 }} ==基础面板== |理论结构极值= |满抵抗= |满护盾= |满巡航= |满金属= |满晶体= |满重氢= |满时间= |满对舰备注= |理论对舰备注= |满对空备注= |理论对空备注= |满攻",3星,护航艇,其他,脉冲炮,能量,其他,无
诺玛330-TE-轻型武装调查船,,,,,,,,,3,10,900,303,229,,1600, 金属、 晶体、 重氢、分类:舰船、分类:已实装,__NOTOC__ |多义词=诺玛330-轻型武装调查船、诺玛330-TE-轻型武装调查船}} ※星系救援协议：占领部分4级工厂后可产出实体舰船 ※联络站概率刷出：可在联络站购买实体舰船 |评价= }} ==更新日志== ==系统== ==评测概述== ==相关图片== 牛蛙官方海报.png|官方海报 --> 分类:舰船分类:已实装 body{background:url('') no-repeat fixed 50% 0;background-size: cover;},3星,护卫舰,神圣群星帝国,火炮,实弹,中排,限定
创神星级-轨道炮驱逐舰,,,,,,,,,6,10,4800,216,506,,8500, 金属、 晶体、 重氢、分类:舰船、分类:已实装,"|多义词=创神星级-轨道炮驱逐舰、创神星级-鱼雷驱逐舰}} __NOTOC__ __NOEDITSECTION__ ==系统== ==评测概述== 分类:舰船分类:已实装 body{background:url('') no-repeat fixed 50% 0;background-size: cover;} .mw-body-content h1 { font-family: Reeji-CloudSongDa-GB-Regular; font-size: 24px; color: rgba(0, 0, 0, 0.85); line-height: 32px; } .mw-body-con",3星,驱逐舰,木星工业集团,轨道炮,实弹,中排,限定
CV3000级-快速航空母舰,,,,,,214010,24600,35050,40,5,6500,297,619,,150000,巅峰之路、link=、分类:舰船、分类:已实装,__NOTOC__ == == ==基础面板== |对空扩展1= |攻城扩展1= |结构扩展1= |抵抗扩展1=/ |护盾扩展1=/ |对舰扩展2= |对空扩展2= |攻城扩展2= |结构扩展2= |抵抗扩展2=/ |护盾扩展2=/ }} ==巅峰属性== |10结构值= |10巅峰值=换行 --> |10奖励= |15结构值= |15巅峰值=换行 --> |15奖励= |20结构值= |20巅峰值=换行 --> |20奖励=巅峰之路 |突破1=舰船结构值+4460 换行-----> |未破5= 换行-----> |突破5= 换行-----> |未破10= 换行-----> |突破10= 换行,4星,航空母舰,未央公约组织,飞行器,未定,后排,常驻
新君士坦丁大帝级-综合战列巡洋舰,,,,,,,,,35,6,32717,,3810,,125000, 金属、 晶体、 重氢、 金属、分类:舰船、分类:已实装、分类:大帝、分类:原装,|多义词=新君士坦丁大帝级-综合战列巡洋舰}} __NOTOC__ __NOEDITSECTION__ ==系统== ==评测概述== 分类:舰船分类:已实装分类:大帝分类:原装 body{background:url('') no-repeat fixed 50% 0;background-size: cover;},4星,战列巡洋舰,安东尼奥斯财团,离子炮,实弹,中排,常驻
野火-鱼雷艇,,,,,,,,,2,10,1780,,483,,, 金属、 晶体、 重氢、分类:舰船、分类:已实装,__NOTOC__ __NOEDITSECTION__ |多义词=野火-鱼雷艇、野火-TE-鱼雷艇}} |另一含义=“野火”关键词的其他条目|另一条目名=野火-战术鱼雷护航艇|自定义别名=野火-护航艇}} ==更新日志== ==系统== --> 牛蛙官方海报.png|官方海报 --> 分类:舰船分类:已实装,5星,护航艇,其他,鱼雷,实弹,其他,无
XT-8级-两栖登陆舰,,,,,,,,,4,10,246,101,1530,,2500, 金属、 晶体、 重氢、分类:舰船、分类:已实装,|多义词=XT-8级-两栖登陆舰、XT-8级-武装导弹调查船}} __NOTOC__ ==更新日志== ==系统== ==相关图片== 牛蛙官方海报.png|官方海报 --> 分类:舰船分类:已实装 body{background:url('') no-repeat fixed 50% 0;background-size: cover;},5星,护卫舰,神圣群星帝国,飞行器,未定,中排,无
XT-8级-武装导弹调查船,,,,,,,,,4,10,2950,821,18,,2500, 金属、 晶体、 重氢、分类:舰船、分类:已实装,|多义词=XT-8级-两栖登陆舰、XT-8级-武装导弹调查船}} __NOTOC__ |类型=护卫舰 |来源=暂未开放玩家获取途径 |评价=暂无评价 }} ==更新日志== ==系统== ==相关图片== 牛蛙官方海报.png|官方海报 --> 分类:舰船分类:已实装 body{background:url('') no-repeat fixed 50% 0;background-size: cover;},5星,护卫舰,神圣群星帝国,导弹,实弹,中排,无
XT-20级-护航巡洋舰,,,,,,,,,18,10,2880,,97,,26500, 金属、 晶体、 重氢、分类:舰船、分类:已实装,|多义词=XT-20级-护航巡洋舰、XT-20级-载机巡洋舰、XT-20级-支援巡洋舰}} __NOTOC__ __NOEDITSECTION__ ==系统== 分类:舰船分类:已实装 body{background:url('') no-repeat fixed 50% 0;background-size: cover;},5星,巡洋舰,神圣群星帝国,飞行器,未定,后排,无
XT-10级-武装鱼雷驱逐舰,,,,,,,,,10,10,5659,806,80,,11500, 金属、 晶体、 重氢、分类:舰船、分类:已实装,__NOTOC__ |类型=驱逐舰 |来源=暂未开放玩家获取途径 |评价=暂无评价 }} ==更新日志== ==系统== ==相关图片== 牛蛙官方海报.png|官方海报 --> 分类:舰船分类:已实装 body{background:url('') no-repeat fixed 50% 0;background-size: cover;},5星,驱逐舰,神圣群星帝国,鱼雷,实弹,中排,无
XT-20级-载机巡洋舰,,,,,,,,,18,10,3600,432,288,,25000, 金属、 晶体、 重氢、分类:舰船、分类:已实装,|多义词=XT-20级-护航巡洋舰、XT-20级-载机巡洋舰、XT-20级-支援巡洋舰}} __NOTOC__ __NOEDITSECTION__ ==系统== 分类:舰船分类:已实装 body{background:url('') no-repeat fixed 50% 0;background-size: cover;},5星,巡洋舰,神圣群星帝国,飞行器,未定,后排,
XT-20级-支援巡洋舰,,,,,,,,,14,10,2880,4608,97,,25000, 金属、 晶体、 重氢、分类:舰船、分类:已实装,|多义词=XT-20级-护航巡洋舰、XT-20级-载机巡洋舰、XT-20级-支援巡洋舰}} __NOTOC__ __NOEDITSECTION__ |类型=巡洋舰 |来源=暂无该舰船的蓝图授权途径； ※星系救援协议：占领部分6级工厂后会产出实体舰船 ※联络站：每天概率刷出实体舰船 |评价=66奶的下位替代，若是开放蓝图获取途径，那它的性价比或许比66奶更高一点？ }} ==系统== 分类:舰船分类:已实装 body{background:url('') no-repeat fixed 50% 0;background-size: cover;},5星,巡洋舰,神圣群星帝国,火炮,实弹,后排,
止战级-攻坚战列舰,,,,,,358670,86730,33290,45,3,53656,1530,21760,,150000,巅峰之路、link=、link=、分类:舰船、分类:已实装,"__NOTOC__ == == |英文名称=Warspite - Assault Battleship |稀有度=6 |所属=神圣群星帝国 |前身= |介绍=旧帝国的主力战列舰之一，舰首装备有重型离子炮，能同时对多个目标发起打击。舰身分布有大量导弹发射装置和鱼雷发射装置，通过数量庞大的武器形成火力覆盖网，有效打击中小型目标。此外，可以加装小型脉冲炮或导弹用于防范舰载机目标。 |攻击属性=能量 |武器类型=离子炮 |武器定位=直射 |舰船站位=中排 |TAG=多目标同步打击,暴击,反击防空 |旗舰=突入作战S,舰队集火 |限定=未知 |实装日期=2021年8月18日 }} ==基础面板== |理",6星,战列舰,神圣群星帝国,离子炮,能量,中排,合成
X20-大型工程舰,,,,,,120000,15000,9000,40,20,1600,,53,,95000,分类:舰船、分类:已实装,__NOTOC__ == == ==基础面板== |对舰扩展2= |对空扩展2=/ |攻城扩展2= |结构扩展2= }} ==性能== == 立绘 == == 展示 == ==拓展== ==故事== ==更新日志== ==系统== 工程无人机系统 防卫系统 装甲系统 能源系统 动力系统 备用动力系统 后排指挥系统 工程无人机系统占位（未加载） 火炮系统占位（未加载） 装甲系统占位（未加载） 能源系统占位（未加载） 动力系统占位（未加载） 备用动力系统占位（未加载） 后排指挥系统占位（未加载） 分类:舰船分类:已实装,1星,工程舰,未央公约组织,火炮,实弹,后排,常驻
X8-小型工程舰,4819,,,,,6000,350,50,10,20,150,450,18,,1500,分类:舰船、分类:已实装,__NOTOC__ __NOEDITSECTION__ == == ==基础面板== |理论结构极值= |满巡航=400 |满曲率=2600 |满金属=6288 |满晶体=366 |满重氢=52 |满时间=00:20:00 |满仓储=5100 |对舰扩展1=/ |对空扩展1=/ |攻城扩展1=/ |结构扩展1= （+229） |对舰扩展2= （+22） |对空扩展2= （+22） |攻城扩展2=/ |结构扩展2= （+230） }} ==性能== ==立绘== ==展示== ==拓展== ==故事== ==更新日志== |日期2=2022-04-22 |版本2= |内容2= *动力系统被摧毁后,1星,工程舰,未央公约组织,火炮,实弹,后排,常驻
FG300型-侦察护卫舰,,,,,,,,,3,15,514,713,108,,2200, 金属、 晶体、 重氢、左、 比邻星币、 比邻星币、 比邻星币、 比邻星币、 比邻星币、 比邻星币、 M系统、 默认技、 强化槽、 策略技、 强化槽,|多义词=FG300型-多用途护卫舰、FG300型-装甲护卫舰、FG300型-侦察护卫舰}} __NOTOC__ *1=紫币*888 80px|link=| 档案集成І（未央综合九合一）266020px|link=| 比邻星币 *档案集成（九合一）–未央综合 *1=紫币*2660 80px|link=| 舰船及载机蓝图档案1520px|link=| 技术储备 *舰船及载机蓝图档案*1=技术储备*15 80px|link=| 舰船及载机蓝图档案2.01520px|link=| 技术储备 *舰船及载机蓝图档案2.0*1=技术储备*15 *舰船及载机蓝图档案2.0*1=未央资助计划50级 80px|,1星,护卫舰,未央公约组织,火炮,实弹,中排,常驻
X10-中型工程舰,,,,,,30000,1500,350,20,20,1200,1500,45,,8000,分类:舰船、分类:已实装,__NOTOC__ == == ==基础面板== |对舰扩展2= |对空扩展2= |攻城扩展2= |结构扩展2= }} ==性能== == 立绘 == == 展示 == ==拓展== ==故事== ==更新日志== ==系统== 工程无人机系统 防卫系统 装甲系统 能源系统 动力系统 备用动力系统 后排指挥系统 工程无人机系统占位（未加载） 火炮系统占位（未加载） 装甲系统占位（未加载） 能源系统占位（未加载） 动力系统占位（未加载） 备用动力系统占位（未加载） 后排指挥系统占位（未加载） 分类:舰船分类:已实装,1星,工程舰,未央公约组织,火炮,实弹,后排,常驻
FG300型-多用途护卫舰,,,,,,,,,3,15,1542,1851,324,,2000, 金属、 晶体、 重氢、左、 比邻星币、 比邻星币、 比邻星币、 比邻星币、 比邻星币、 比邻星币、分类:舰船、分类:已实装、 M系统、 默认技、 强化槽,|多义词=FG300型-多用途护卫舰、FG300型-装甲护卫舰、FG300型-侦察护卫舰}} __NOTOC__ __NOEDITSECTION__ *1=紫币*888 80px|link=| 档案集成І（未央综合九合一）266020px|link=| 比邻星币 *档案集成（九合一）–未央综合 *1=紫币*2660 80px|link=| 舰船及载机蓝图档案1520px|link=| 技术储备 *舰船及载机蓝图档案*1=技术储备*15 80px|link=| 舰船及载机蓝图档案2.01520px|link=| 技术储备 *舰船及载机蓝图档案2.0*1=技术储备*15 *舰船及载机蓝图档案2.0,1星,护卫舰,未央公约组织,火炮,实弹,中排,常驻
FG300型-装甲护卫舰,,,,,,,,,3,15,1028,1330,216,,1500, 金属、 晶体、 重氢、左、 电子货币、 电子货币、 比邻星币、 比邻星币、 比邻星币、 比邻星币、 比邻星币、 比邻星币、 M系统、 默认技、 强化槽,|多义词=FG300型-多用途护卫舰、FG300型-装甲护卫舰、FG300型-侦察护卫舰}} __NOTOC__ *1=紫币*888 80px|link=| 档案集成І（未央综合九合一）266020px|link=| 比邻星币 *档案集成（九合一）–未央综合 *1=紫币*2660 80px|link=| 舰船及载机蓝图档案1520px|link=| 技术储备 *舰船及载机蓝图档案*1=技术储备*15 80px|link=| 舰船及载机蓝图档案2.01520px|link=| 技术储备 *舰船及载机蓝图档案2.0*1=技术储备*15 *舰船及载机蓝图档案2.0*1=未央资助计划50级 80px|,1星,护卫舰,未央公约组织,火炮,实弹,前排,常驻
林鸮A100型-联合攻击机,6691,,,,,7460,480,200,,10,1989,1377,396,,,巅峰之路、分类:舰船、分类:已实装,"__NOTOC__ == == A100型-联合攻击机 |称号= |英文名称=Strix A100 - Joint Attacker |稀有度=2 |所属=诺玛运输集团 |前身= |介绍=搭载拥有一门强有力的聚能脉冲炮，以极短的射程，换取极高的伤害。在用于突击敌方舰艇造成伤害之余，也能对敌方护航艇造成伤害。 |攻击属性=能量 |武器类型=脉冲炮 |武器定位=无 |舰船站位=其他 |TAG=特种弹药,快速输出,近距离突击,防空支援,往复打击 |限定=否 |实装日期=2021年4月14日 }} ==基础面板== |理论结构极值= |满突防=2800 |满去程时间=4.2 |满回程时间=2.8 |满",2星,战机,其他,脉冲炮,能量,其他,无
卡利莱恩级-侦查护卫舰,,,,,,7810,660,170,4,10,1125,678,315,,1800,巅峰之路、分类:舰船、分类:已实装,|多义词=卡利莱恩级-侦查护卫舰、卡利莱恩级-重炮护卫舰、卡利莱恩级-特种护卫舰}} __NOTOC__ __NOEDITSECTION__ |理论结构极值= |满抵抗=8 |满护盾=10 |满巡航= |满曲率= |满金属= |满晶体= |满重氢= |满时间= |满仓储= |满对舰备注= |理论对舰备注= |满对空备注= |理论对空备注= |满攻城备注= |理论攻城备注= |满结构备注= |理论结构备注= |满抵抗备注= |满巡航备注= |满曲率备注= |满时间备注= |满仓储备注= |对舰扩展1= |对空扩展1= |攻城扩展1= |结构扩展1= |抵抗扩展1=/ |护盾扩展1=/ |对舰扩展,2星,护卫舰,安东尼奥斯财团,火炮,实弹,前排,常驻
卡利莱恩级-重炮护卫舰,,,,,,8590,630,120,5,10,2485,180,540,,1500,FG-300、雷里亚特级-快速鱼雷护卫舰、分类:舰船、分类:已实装,|多义词=卡利莱恩级-侦查护卫舰、卡利莱恩级-重炮护卫舰、卡利莱恩级-特种护卫舰}} __NOTOC__ __NOEDITSECTION__ |理论结构极值= |满抵抗= |满巡航= |满曲率= |满金属= |满晶体= |满重氢= |满时间= |满仓储= |满对舰备注= |理论对舰备注= |满对空备注= |理论对空备注= |满攻城备注= |理论攻城备注= |满结构备注= |理论结构备注= |满抵抗备注= |满巡航备注= |满曲率备注= |满时间备注= |满仓储备注= |对舰扩展1=/ |对空扩展1=/ |攻城扩展1=/ |结构扩展1=/ |抵抗扩展1=/ |对舰扩展2= |对空扩展2= |攻城,2星,护卫舰,安东尼奥斯财团,火炮,实弹,中排,常驻
维塔斯-B010-轰炸机,,,,,,9260,880,270,,10,4588,,1696,,,巅峰之路、分类:舰船、分类:已实装,__NOTOC__ == == ==基础面板== |理论结构极值= |满抵抗= |满突防= |满去程时间= |满回程时间= |满曲率= |满金属= |满晶体= |满重氢= |满时间= |满对舰备注= |理论对舰备注= |满对空备注= |理论对空备注= |满攻城备注= |理论攻城备注= |满结构备注= |理论结构备注= |满抵抗备注= |满护盾备注= |满突防备注= |满时间备注= |对舰扩展1=/ |对空扩展1=/ |攻城扩展1=/ |结构扩展1=/ |抵抗扩展1=/ |护盾扩展1=/ |对舰扩展2= |对空扩展2=/ |攻城扩展2= |结构扩展2= |抵抗扩展2=/ |护盾扩展2=/ }} ,2星,战机,其他,等离子武器,能量,其他,无
乌拉诺斯之矛级-重型战列巡洋舰,,,,,,185870,49430,24440,35,6,26070,636,14385,,115000,巅峰之路、link=、link=、分类:舰船、分类:已实装,__NOTOC__ == == ==基础面板== |理论结构极值= |满抵抗= |满护盾= |满巡航= |满曲率= |满金属= |满晶体= |满重氢= |满时间= |满仓储= |满对舰备注= |理论对舰备注= |满对空备注= |理论对空备注= |满攻城备注= |理论攻城备注= |满结构备注= |理论结构备注= |满抵抗备注= |满护盾备注= |满巡航备注= |满曲率备注= |满时间备注= |满仓储备注= |对舰扩展1= |对空扩展1= |攻城扩展1= |结构扩展1= |抵抗扩展1=/ |护盾扩展1=/ |对舰扩展2= |对空扩展2= |攻城扩展2= |结构扩展2= |抵抗扩展2=/ |护盾扩展,4星,战列巡洋舰,诺玛运输集团,轨道炮,实弹,前排,常驻
永恒风暴级-攻击战列巡洋舰,,,,,,174900,49440,29550,32,6,32240,396,5739,,120000,巅峰之路、link=、link=、link=、分类:舰船、分类:已实装,__NOTOC__ == == ==基础面板== |理论结构极值= |满抵抗= |满护盾= |满巡航= |满曲率= |满金属= |满晶体= |满重氢= |满时间= |满仓储= |满对舰备注= |理论对舰备注= |满对空备注= |理论对空备注= |满攻城备注= |理论攻城备注= |满结构备注= |理论结构备注= |满抵抗备注= |满护盾备注= |满巡航备注= |满曲率备注= |满时间备注= |满仓储备注= |对舰扩展1=/ |对空扩展1=/ |攻城扩展1=/ |结构扩展1=/ |抵抗扩展1=/ |护盾扩展1=/ |对舰扩展2= |对空扩展2= |攻城扩展2= |结构扩展2= |抵抗扩展2=/ |,4星,战列巡洋舰,木星工业集团,离子炮,能量,中排,常驻
太阳鲸-武装战略航空母舰,,,,,,299780,46990,48130,55,5,9648,589,959,,130000,巅峰之路、CV3000、link=、分类:舰船、分类:已实装,"__NOTOC__ == == |英文名称=Solar Whale - Armed Tactical Carrier |稀有度=4 |所属=诺玛运输集团 |前身= |介绍=该战舰秉承诺玛集团的银河设计局的设计思路，是具备很强的综合战斗能力的大型航母。搭载独立大型炮艇坞舱，可以通过护航艇实施强力的打击。同时具备综合攻击火力。 |攻击属性=未定 |武器类型=飞行器 |武器定位=特殊 |舰船站位=中排 |TAG=工作效率提高,反击防空 |旗舰=战略打击II,战略打击III,舰队集火 |限定=否 |实装日期=2021年4月14日 }} ==基础面板== |理论结构极值= |满抵抗= |满护盾= |满巡",4星,航空母舰,诺玛运输集团,飞行器,未定,中排,常驻
圣灵级-重型护卫舰,,,,,,18150,1810,270,6,10,,,,,2000,分类:舰船、分类:已下线,__NOTOC__ __NOEDITSECTION__ == == ==基础面板== |对空= |攻城= |结构= |抵抗=15 |巡航=900 |曲率=4500 |金属=18150 |晶体=1810 |重氢=270 |时间=00:40:30 |仓储=2000 |维修= |满对舰= |理论对舰极值= |满对空= |理论对空极值= |满攻城= |理论攻城极值= |满结构= |理论结构极值= |满抵抗= |满护盾= |满巡航= |满曲率= |满金属= |满晶体= |满重氢= |满时间= |满仓储= |满对舰备注= |理论对舰备注= |满对空备注= |理论对空备注= |满攻城备注= |理论攻城备注=,6星,护卫舰,流放者组织,离子炮,能量,中排,无
圣灵级-攻城护卫舰,,,,,,14170,1180,290,6,10,,,,,1100,分类:舰船、分类:已下线,__NOTOC__ __NOEDITSECTION__ == == ==基础面板== |理论结构极值= |满抵抗= |满护盾= |满巡航= |满曲率= |满金属= |满晶体= |满重氢= |满时间= |满仓储= |满对舰备注= |理论对舰备注= |满对空备注= |理论对空备注= |满攻城备注= |理论攻城备注= |满结构备注= |理论结构备注= |满抵抗备注= |满护盾备注= |满巡航备注= |满曲率备注= |满时间备注= |满仓储备注= |对舰扩展1=/ |对空扩展1=/ |攻城扩展1=/ |结构扩展1=/ |抵抗扩展1=/ |护盾扩展1=/ |对舰扩展2=/ |对空扩展2=/ |攻城扩展2,6星,护卫舰,流放者组织,离子炮,能量,中排,无
维塔斯A021-重型攻击机,,,,,,8960,890,320,,10,2613,540,543,,,巅峰之路、分类:舰船、分类:已实装,"__NOTOC__ == == |英文名称=Vitas A021 - Heavy Attacker |稀有度=2 |所属=安东尼奥斯财团 |前身= |介绍=使用高爆炸弹对战舰进行打击，其特殊的探测系统和发射弹药，可以精确选择攻击位置，同时对舰船的子系统造成伤害。机身采用了复合装甲增强其生存能力。 |攻击属性=实弹 |武器类型=导弹 |武器定位=无 |舰船站位=其他 |TAG=攻击系统,往复打击,攻击系统,反击防空 |限定=否 |实装日期=2021年4月8日 }} ==基础面板== |理论结构极值= |满抵抗= |满护盾= |满突防= |满去程时间=3.5 |满回程时间=2.1 |满金属= |满",2星,战机,其他,导弹,实弹,其他,无
ST59级-防御战列巡洋舰,,,,,,148130,33750,15840,28,6,18225,216,4566,,130000,link=、link=、分类:舰船、分类:已实装,__NOTOC__ == == ==基础面板== |理论结构极值= |满抵抗= |满护盾= |满巡航= |满曲率= |满金属= |满晶体= |满重氢= |满时间= |满仓储= |满对舰备注= |理论对舰备注= |满对空备注= |理论对空备注= |满攻城备注= |理论攻城备注= |满结构备注= |理论结构备注= |满抵抗备注= |满护盾备注= |满巡航备注= |满曲率备注= |满时间备注= |满仓储备注= |对舰扩展1=/ |对空扩展1=/ |攻城扩展1=/ |结构扩展1= |抵抗扩展1=/ |护盾扩展1=/ |对舰扩展2= |对空扩展2= |攻城扩展2= |结构扩展2= |抵抗扩展2=/ |护,4星,战列巡洋舰,未央公约组织,轨道炮,实弹,中排,常驻
“夯实基础”-高强度曲率稳定器,,,,,,,,,,,,,,,,,__NOTOC__ __NOEDITSECTION__ == == 小时。 |投送对象=范围 |介绍=众所周知，曲率飞行过程中并不危险，真正危险的是脱离曲率航行进入常规空间的阶段，这也是为什么曲率航行需要曲率锚点的原因。 高强度曲率稳定器是曲率技术应用于武器化的又一个典范。这种新式装备内嵌一个能够进行自适应调节的曲率引擎核心装置，当它启动后，能根据周围空间环境智能自适应调节所需曲率参数，进而为友军提供曲率锚定点。毫无疑问，这项新式武器的出现，将对太空战争产生极为深远的影响。 }} ==预览== class=img-kk|center 小时。 |副词条= 持久 |副词条效果= 战术道具的生效时间,,,,,,,
海克特I型远程采矿无人机,,,,,,,,,,,,,,,,,__NOTOC__ __NOEDITSECTION__ == == 仓储的资源（约相当于 金属， 晶体， 重氢）。采集时额外获得随机消耗品。 |投送对象=范围 |介绍=这是一项曾经遭到抵制的古老技术。人类初期步入太空时对太空资源的需求空前迫切，传统的采矿方法无法满足日益增长的资源需要。进入混乱的掘金时代，海王星矿业旗下的企业的超临界科技公司研发了一款可搭载的无人机瞬采系统，通过释放破坏性能量场短时间获取大量粗矿并送回母舰。一时间，无数星系的资源遭到了不同崛起中势力的过度开采而造成严重污染。 直至神圣群星帝国成立初期，当局就该技术对星系生态影响表示了深切的担忧，并宣布严禁此项技术的民用与研究，并,,,,无,无,,无
海克特III型远程采矿无人机,,,,,,,,,,,,,,,,,__NOTOC__ __NOEDITSECTION__ == == 仓储的资源（约相当于 金属， 晶体， 重氢）。 |投送对象=范围 |介绍=这是一项曾经遭到抵制的古老技术。人类初期步入太空时对太空资源的需求空前迫切，传统的采矿方法无法满足日益增长的资源需要。进入混乱的掘金时代，海王星矿业旗下的企业的 超临界科技公司研发了一款可搭载的无人机瞬采系统，通过释放破坏性能量场短时间获取大量粗矿并送回母舰。一时间，无数星系的资源遭到了不同崛起中势力的过度开采而造成严重污染。 直至神圣群星帝国成立初期，当局就该技术对星系生态影响表示了深切的担忧，并宣布严禁此项技术的民用与研究，并谴责任何私自研究该技术的,,,,无,无,,无
"文件:技术蓝图-A级资源技术蓝图礼包, 海克特II型远程采矿无人机.png",,,,,,,,,,,,,,,,,,,,,无,无,,无
海克特II型远程采矿无人机,,,,,,,,,,,,,,,,A级资源技术蓝图礼包、,__NOTOC__ __NOEDITSECTION__ == == 仓储的资源（约相当于 金属， 晶体， 重氢）。 |投送对象=范围 |介绍=这是一项曾经遭到抵制的古老技术。人类初期步入太空时对太空资源的需求空前迫切，传统的采矿方法无法满足日益增长的资源需要。进入混乱的掘金时代，海王星矿业旗下的企业的 超临界科技公司研发了一款可搭载的无人机瞬采系统，通过释放破坏性能量场短时间获取大量粗矿并送回母舰。一时间，无数星系的资源遭到了不同崛起中势力的过度开采而造成严重污染。 直至神圣群星帝国成立初期，当局就该技术对星系生态影响表示了深切的担忧，并宣布严禁此项技术的民用与研究，并谴责任何私自研究该技术的,,,,无,无,,无
“夜之华”-节庆等离子无人机组,,,,,,,,,,,,,,,,,__NOTOC__ __NOEDITSECTION__ == == 小时。 |投送对象=单体 |介绍= 相传，在远古时代的地球，人们会在节庆的夜晚点燃“烟花”——一种由火药和金属粉末混合而成的物质。在点燃时，经过精心设计烟花会直冲天际，在夜空中爆裂、燃烧，形成各式各样形状颜色各异的“花朵”，在霎那间点亮夜空。 移居太空后，绝大部分人的生活中不再有适合燃放烟花的大气环境，但依然有不少人怀念历史影像中的那种可以瞬间点亮夜空又很快凋零的“花朵”，于是，节庆用的等离子无人机组应运而生。节庆等离子无人机的助推器经过改造和精心编配后，可以喷射出直径、长度、颜色不等的各式尾焰。这种无人机通常几十至几千架为一,,,,无,无,,无
灼热级,,,,,,,,,,,,,,,,灼热级-重型火炮突击舰、灼热级-重型鱼雷突击舰、灼热级-重炮突击舰、灼热级-战术突击舰,__NOTOC__ __NOEDITSECTION__ '''灼热级可以指''' ====神圣群星帝国旗下的舰船==== *灼热级-重型火炮突击舰 *灼热级-重型鱼雷突击舰 '''也可以指''' ====雷火科技集团旗下的舰船==== *灼热级-重炮突击舰 *灼热级-战术突击舰,,,,,,,
